[
{
  "model": "api.user",
  "pk": 2,
  "fields": {
    "password": "pbkdf2_sha256$1000000$TlkMjHL8QsQERGaqx1Y48g$FQfOZ+2ZkWkyENdwLQRBsmXixs/gtlO7aXwU5YNxmZs=",
    "last_login": null,
    "is_superuser": false,
    "username": "Jessy",
    "first_name": "",
    "last_name": "",
    "is_staff": false,
    "is_active": true,
    "date_joined": "2026-02-03T09:57:25.746Z",
    "email": "Jessy@gmail.com",
    "password_digest": "password",
    "age": 20,
    "admin": true,
    "recovery_pin": null,
    "groups": [],
    "user_permissions": []
  }
},
{
  "model": "api.user",
  "pk": 3,
  "fields": {
    "password": "meYou!11",
    "last_login": null,
    "is_superuser": false,
    "username": "truww",
    "first_name": "",
    "last_name": "",
    "is_staff": false,
    "is_active": true,
    "date_joined": "2026-02-03T10:15:32.414Z",
    "email": "truww@gmail.com",
    "password_digest": "meYou!11",
    "age": 18,
    "admin": false,
    "recovery_pin": null,
    "groups": [],
    "user_permissions": []
  }
},
{
  "model": "api.user",
  "pk": 4,
  "fields": {
    "password": "Citad1!",
    "last_login": null,
    "is_superuser": false,
    "username": "jessy",
    "first_name": "",
    "last_name": "",
    "is_staff": false,
    "is_active": true,
    "date_joined": "2026-02-03T10:23:25.788Z",
    "email": "jessy@gmail.com",
    "password_digest": "Citad1!",
    "age": 18,
    "admin": false,
    "recovery_pin": null,
    "groups": [],
    "user_permissions": []
  }
},
{
  "model": "api.user",
  "pk": 5,
  "fields": {
    "password": "Citad!1",
    "last_login": null,
    "is_superuser": false,
    "username": "brian",
    "first_name": "",
    "last_name": "",
    "is_staff": false,
    "is_active": true,
    "date_joined": "2026-02-03T20:13:19.147Z",
    "email": "brian@gmail.com",
    "password_digest": "Citad!1",
    "age": 18,
    "admin": true,
    "recovery_pin": null,
    "groups": [],
    "user_permissions": []
  }
},
{
  "model": "api.user",
  "pk": 6,
  "fields": {
    "password": "Brayo!123",
    "last_login": null,
    "is_superuser": false,
    "username": "nimo@gmail.com",
    "first_name": "",
    "last_name": "",
    "is_staff": false,
    "is_active": true,
    "date_joined": "2026-02-04T12:32:12.404Z",
    "email": "nimo@gmail.com",
    "password_digest": "Brayo!123",
    "age": null,
    "admin": false,
    "recovery_pin": "1234",
    "groups": [],
    "user_permissions": []
  }
},
{
  "model": "api.user",
  "pk": 7,
  "fields": {
    "password": "pbkdf2_sha256$1000000$KIDIyLgUNq3l0PPGf2QtQd$ieh5d29DElqAs9rH4IWdGxdaO4xGq/UZzCMN7NYMau8=",
    "last_login": null,
    "is_superuser": false,
    "username": "nimoA@gmail.com",
    "first_name": "",
    "last_name": "",
    "is_staff": false,
    "is_active": true,
    "date_joined": "2026-02-04T12:37:04.795Z",
    "email": "nimoA@gmail.com",
    "password_digest": "Brayo!12",
    "age": null,
    "admin": false,
    "recovery_pin": "Brayo!",
    "groups": [],
    "user_permissions": []
  }
},
{
  "model": "api.user",
  "pk": 8,
  "fields": {
    "password": "pbkdf2_sha256$1000000$iJ4feSssBNSUY34VD1PMZP$Amfh4LRoKbLQV7caKcdYFK26Ehr/l9ExQowIkZThYc4=",
    "last_login": null,
    "is_superuser": false,
    "username": "jessyQuick@gmail.com",
    "first_name": "",
    "last_name": "",
    "is_staff": false,
    "is_active": true,
    "date_joined": "2026-02-04T13:04:12.111Z",
    "email": "jessyQuick@gmail.com",
    "password_digest": null,
    "age": null,
    "admin": true,
    "recovery_pin": "9999",
    "groups": [],
    "user_permissions": []
  }
},
{
  "model": "api.user",
  "pk": 9,
  "fields": {
    "password": "pbkdf2_sha256$1000000$eFenq2e69MZX7ZmsR1REGc$m0kKf6AhPcpa/Dp2GcbbbqP47oxXaiimim0s5ahE6vY=",
    "last_login": null,
    "is_superuser": false,
    "username": "jessyWa@gmail.com",
    "first_name": "",
    "last_name": "",
    "is_staff": false,
    "is_active": true,
    "date_joined": "2026-02-05T09:52:10.829Z",
    "email": "jessyWa@gmail.com",
    "password_digest": null,
    "age": null,
    "admin": false,
    "recovery_pin": "1234",
    "groups": [],
    "user_permissions": []
  }
},
{
  "model": "api.user",
  "pk": 10,
  "fields": {
    "password": "pbkdf2_sha256$1000000$QOK7Ij6PZX8A1jHIWuL6PY$04btA0h4UWKUi9H70HwhR+23dRi4WGZtfxQfDFaHPkQ=",
    "last_login": null,
    "is_superuser": false,
    "username": "brianWW@gmail.com",
    "first_name": "",
    "last_name": "",
    "is_staff": false,
    "is_active": true,
    "date_joined": "2026-02-05T09:55:59.329Z",
    "email": "brianWW@gmail.com",
    "password_digest": null,
    "age": null,
    "admin": true,
    "recovery_pin": "1234",
    "groups": [],
    "user_permissions": []
  }
},
{
  "model": "api.amazon",
  "pk": 41,
  "fields": {
    "link": "https://amazon.com",
    "price": "5000.00",
    "shipping_cost": "121.00",
    "days_to_ship": 5,
    "review": "8.5",
    "product_location": "Westlands"
  }
},
{
  "model": "api.amazon",
  "pk": 42,
  "fields": {
    "link": "https://amazon.com",
    "price": "46000.00",
    "shipping_cost": "121.00",
    "days_to_ship": 5,
    "review": "8.0",
    "product_location": "Westlands"
  }
},
{
  "model": "api.amazon",
  "pk": 43,
  "fields": {
    "link": "https://amazon.com",
    "price": "65500.00",
    "shipping_cost": "121.00",
    "days_to_ship": 5,
    "review": "9.0",
    "product_location": "Westlands"
  }
},
{
  "model": "api.amazon",
  "pk": 44,
  "fields": {
    "link": "https://amazon.com",
    "price": "10000.00",
    "shipping_cost": "254.00",
    "days_to_ship": 5,
    "review": "3.0",
    "product_location": "Westlands"
  }
},
{
  "model": "api.amazon",
  "pk": 45,
  "fields": {
    "link": "https://amazon.com",
    "price": "100000.00",
    "shipping_cost": "1044.00",
    "days_to_ship": 5,
    "review": "1.0",
    "product_location": "Westlands"
  }
},
{
  "model": "api.amazon",
  "pk": 46,
  "fields": {
    "link": "https://amazon.com",
    "price": "3000.00",
    "shipping_cost": "344.00",
    "days_to_ship": 5,
    "review": "9.0",
    "product_location": "Westlands"
  }
},
{
  "model": "api.amazon",
  "pk": 47,
  "fields": {
    "link": "https://amazon.com",
    "price": "1898.00",
    "shipping_cost": "344.00",
    "days_to_ship": 5,
    "review": "8.0",
    "product_location": "Westlands"
  }
},
{
  "model": "api.amazon",
  "pk": 48,
  "fields": {
    "link": "https://amazon.com",
    "price": "2098.00",
    "shipping_cost": "344.00",
    "days_to_ship": 5,
    "review": "7.0",
    "product_location": "Westlands"
  }
},
{
  "model": "api.amazon",
  "pk": 49,
  "fields": {
    "link": "https://amazon.com",
    "price": "12000.00",
    "shipping_cost": "344.00",
    "days_to_ship": 5,
    "review": "6.0",
    "product_location": "Westlands"
  }
},
{
  "model": "api.amazon",
  "pk": 50,
  "fields": {
    "link": "https://amazon.com",
    "price": "12598.00",
    "shipping_cost": "344.00",
    "days_to_ship": 5,
    "review": "5.0",
    "product_location": "Westlands"
  }
},
{
  "model": "api.amazon",
  "pk": 51,
  "fields": {
    "link": "https://amazon.com",
    "price": "13297.00",
    "shipping_cost": "344.00",
    "days_to_ship": 5,
    "review": "4.0",
    "product_location": "Westlands"
  }
},
{
  "model": "api.amazon",
  "pk": 52,
  "fields": {
    "link": "https://amazon.com",
    "price": "11290.00",
    "shipping_cost": "344.00",
    "days_to_ship": 5,
    "review": "3.0",
    "product_location": "Westlands"
  }
},
{
  "model": "api.amazon",
  "pk": 53,
  "fields": {
    "link": "https://amazon.com",
    "price": "290.00",
    "shipping_cost": "344.00",
    "days_to_ship": 5,
    "review": "2.0",
    "product_location": "Westlands"
  }
},
{
  "model": "api.amazon",
  "pk": 54,
  "fields": {
    "link": "https://amazon.com",
    "price": "22.00",
    "shipping_cost": "344.00",
    "days_to_ship": 5,
    "review": "1.0",
    "product_location": "Westlands"
  }
},
{
  "model": "api.amazon",
  "pk": 55,
  "fields": {
    "link": "https://amazon.com",
    "price": "42.00",
    "shipping_cost": "344.00",
    "days_to_ship": 5,
    "review": "10.0",
    "product_location": "Westlands"
  }
},
{
  "model": "api.amazon",
  "pk": 56,
  "fields": {
    "link": "https://amazon.com",
    "price": "52.00",
    "shipping_cost": "344.00",
    "days_to_ship": 5,
    "review": "9.0",
    "product_location": "Westlands"
  }
},
{
  "model": "api.amazon",
  "pk": 57,
  "fields": {
    "link": "https://amazon.com",
    "price": "82.00",
    "shipping_cost": "344.00",
    "days_to_ship": 5,
    "review": "8.0",
    "product_location": "Westlands"
  }
},
{
  "model": "api.amazon",
  "pk": 58,
  "fields": {
    "link": "https://amazon.com",
    "price": "92.00",
    "shipping_cost": "344.00",
    "days_to_ship": 5,
    "review": "7.0",
    "product_location": "Westlands"
  }
},
{
  "model": "api.amazon",
  "pk": 59,
  "fields": {
    "link": "https://amazon.com",
    "price": "52.00",
    "shipping_cost": "344.00",
    "days_to_ship": 5,
    "review": "6.0",
    "product_location": "Westlands"
  }
},
{
  "model": "api.amazon",
  "pk": 60,
  "fields": {
    "link": "https://amazon.com",
    "price": "62.00",
    "shipping_cost": "344.00",
    "days_to_ship": 5,
    "review": "5.0",
    "product_location": "Westlands"
  }
},
{
  "model": "api.amazon",
  "pk": 61,
  "fields": {
    "link": "https://amazon.com",
    "price": "70.99",
    "shipping_cost": "4.44",
    "days_to_ship": 5,
    "review": "7.0",
    "product_location": "Westlands"
  }
},
{
  "model": "api.amazon",
  "pk": 62,
  "fields": {
    "link": "https://amazon.com",
    "price": "70.99",
    "shipping_cost": "4.44",
    "days_to_ship": 5,
    "review": "7.0",
    "product_location": "Westlands"
  }
},
{
  "model": "api.amazon",
  "pk": 63,
  "fields": {
    "link": "https://amazon.com",
    "price": "70.99",
    "shipping_cost": "4.44",
    "days_to_ship": 5,
    "review": "7.0",
    "product_location": "Westlands"
  }
},
{
  "model": "api.amazon",
  "pk": 64,
  "fields": {
    "link": "https://amazon.com",
    "price": "70.99",
    "shipping_cost": "4.44",
    "days_to_ship": 5,
    "review": "7.0",
    "product_location": "Westlands"
  }
},
{
  "model": "api.amazon",
  "pk": 65,
  "fields": {
    "link": "https://amazon.com",
    "price": "70.99",
    "shipping_cost": "4.44",
    "days_to_ship": 5,
    "review": "7.0",
    "product_location": "Westlands"
  }
},
{
  "model": "api.amazon",
  "pk": 66,
  "fields": {
    "link": "https://amazon.com",
    "price": "70.99",
    "shipping_cost": "4.44",
    "days_to_ship": 5,
    "review": "7.0",
    "product_location": "Westlands"
  }
},
{
  "model": "api.amazon",
  "pk": 67,
  "fields": {
    "link": "https://amazon.com",
    "price": "70.99",
    "shipping_cost": "4.44",
    "days_to_ship": 5,
    "review": "7.0",
    "product_location": "Westlands"
  }
},
{
  "model": "api.amazon",
  "pk": 68,
  "fields": {
    "link": "https://amazon.com",
    "price": "70.99",
    "shipping_cost": "4.44",
    "days_to_ship": 5,
    "review": "7.0",
    "product_location": "Westlands"
  }
},
{
  "model": "api.amazon",
  "pk": 69,
  "fields": {
    "link": "https://amazon.com",
    "price": "70.99",
    "shipping_cost": "4.44",
    "days_to_ship": 5,
    "review": "7.0",
    "product_location": "Westlands"
  }
},
{
  "model": "api.amazon",
  "pk": 70,
  "fields": {
    "link": "https://amazon.com",
    "price": "70.99",
    "shipping_cost": "4.44",
    "days_to_ship": 5,
    "review": "7.0",
    "product_location": "Westlands"
  }
},
{
  "model": "api.amazon",
  "pk": 71,
  "fields": {
    "link": "https://amazon.com",
    "price": "70.99",
    "shipping_cost": "4.44",
    "days_to_ship": 5,
    "review": "7.0",
    "product_location": "Westlands"
  }
},
{
  "model": "api.amazon",
  "pk": 72,
  "fields": {
    "link": "https://amazon.com",
    "price": "70.99",
    "shipping_cost": "4.44",
    "days_to_ship": 5,
    "review": "7.0",
    "product_location": "Westlands"
  }
},
{
  "model": "api.amazon",
  "pk": 73,
  "fields": {
    "link": "https://amazon.com",
    "price": "70.99",
    "shipping_cost": "4.44",
    "days_to_ship": 5,
    "review": "7.0",
    "product_location": "Westlands"
  }
},
{
  "model": "api.amazon",
  "pk": 74,
  "fields": {
    "link": "https://amazon.com",
    "price": "70.99",
    "shipping_cost": "4.44",
    "days_to_ship": 5,
    "review": "7.0",
    "product_location": "Westlands"
  }
},
{
  "model": "api.amazon",
  "pk": 75,
  "fields": {
    "link": "https://amazon.com",
    "price": "70.99",
    "shipping_cost": "4.44",
    "days_to_ship": 5,
    "review": "7.0",
    "product_location": "Westlands"
  }
},
{
  "model": "api.amazon",
  "pk": 76,
  "fields": {
    "link": "https://amazon.com",
    "price": "70.99",
    "shipping_cost": "4.44",
    "days_to_ship": 5,
    "review": "7.0",
    "product_location": "Westlands"
  }
},
{
  "model": "api.amazon",
  "pk": 77,
  "fields": {
    "link": "https://amazon.com",
    "price": "2999.00",
    "shipping_cost": "444.00",
    "days_to_ship": 5,
    "review": "7.0",
    "product_location": "Westlands"
  }
},
{
  "model": "api.amazon",
  "pk": 78,
  "fields": {
    "link": "https://amazon.com",
    "price": "799.00",
    "shipping_cost": "144.00",
    "days_to_ship": 5,
    "review": "7.0",
    "product_location": "Westlands"
  }
},
{
  "model": "api.amazon",
  "pk": 79,
  "fields": {
    "link": "https://amazon.com",
    "price": "5000.00",
    "shipping_cost": "1444.00",
    "days_to_ship": 5,
    "review": "7.0",
    "product_location": "Westlands"
  }
},
{
  "model": "api.amazon",
  "pk": 80,
  "fields": {
    "link": "https://amazon.com",
    "price": "7000.00",
    "shipping_cost": "1444.00",
    "days_to_ship": 5,
    "review": "7.0",
    "product_location": "Westlands"
  }
},
{
  "model": "api.amazon",
  "pk": 81,
  "fields": {
    "link": "https://amazon.com",
    "price": "22.00",
    "shipping_cost": "2.00",
    "days_to_ship": 2,
    "review": "2.0",
    "product_location": "Westlands"
  }
},
{
  "model": "api.amazon",
  "pk": 82,
  "fields": {
    "link": "https://amazon.com",
    "price": "3.00",
    "shipping_cost": "3.00",
    "days_to_ship": 3,
    "review": "3.0",
    "product_location": "Westlands"
  }
},
{
  "model": "api.jumia",
  "pk": 41,
  "fields": {
    "link": "https://jumia.co.ke",
    "price": "2140.00",
    "shipping_cost": "754.00",
    "days_to_ship": 5,
    "review": "10.0",
    "product_location": "Adams Arcade"
  }
},
{
  "model": "api.jumia",
  "pk": 42,
  "fields": {
    "link": "https://jumia.co.ke",
    "price": "35000.00",
    "shipping_cost": "253.00",
    "days_to_ship": 4,
    "review": "10.0",
    "product_location": "Adams Arcade"
  }
},
{
  "model": "api.jumia",
  "pk": 43,
  "fields": {
    "link": "https://jumia.co.ke",
    "price": "60000.00",
    "shipping_cost": "253.00",
    "days_to_ship": 4,
    "review": "10.0",
    "product_location": "Adams Arcade"
  }
},
{
  "model": "api.jumia",
  "pk": 44,
  "fields": {
    "link": "https://jumia.co.ke",
    "price": "8000.00",
    "shipping_cost": "354.00",
    "days_to_ship": 4,
    "review": "8.0",
    "product_location": "Adams Arcade"
  }
},
{
  "model": "api.jumia",
  "pk": 45,
  "fields": {
    "link": "https://jumia.co.ke",
    "price": "80000.00",
    "shipping_cost": "554.00",
    "days_to_ship": 4,
    "review": "7.0",
    "product_location": "Adams Arcade"
  }
},
{
  "model": "api.jumia",
  "pk": 46,
  "fields": {
    "link": "https://jumia.co.ke",
    "price": "2000.00",
    "shipping_cost": "354.00",
    "days_to_ship": 4,
    "review": "7.0",
    "product_location": "Adams Arcade"
  }
},
{
  "model": "api.jumia",
  "pk": 47,
  "fields": {
    "link": "https://jumia.co.ke",
    "price": "1254.00",
    "shipping_cost": "354.00",
    "days_to_ship": 4,
    "review": "7.0",
    "product_location": "Adams Arcade"
  }
},
{
  "model": "api.jumia",
  "pk": 48,
  "fields": {
    "link": "https://jumia.co.ke",
    "price": "1154.00",
    "shipping_cost": "354.00",
    "days_to_ship": 4,
    "review": "7.0",
    "product_location": "Adams Arcade"
  }
},
{
  "model": "api.jumia",
  "pk": 49,
  "fields": {
    "link": "https://jumia.co.ke",
    "price": "2140.00",
    "shipping_cost": "754.00",
    "days_to_ship": 4,
    "review": "10.0",
    "product_location": "Adams Arcade"
  }
},
{
  "model": "api.jumia",
  "pk": 50,
  "fields": {
    "link": "https://jumia.co.ke",
    "price": "2880.00",
    "shipping_cost": "253.00",
    "days_to_ship": 4,
    "review": "10.0",
    "product_location": "Adams Arcade"
  }
},
{
  "model": "api.jumia",
  "pk": 51,
  "fields": {
    "link": "https://jumia.co.ke",
    "price": "1754.00",
    "shipping_cost": "253.00",
    "days_to_ship": 4,
    "review": "10.0",
    "product_location": "Adams Arcade"
  }
},
{
  "model": "api.jumia",
  "pk": 52,
  "fields": {
    "link": "https://jumia.co.ke",
    "price": "854.00",
    "shipping_cost": "354.00",
    "days_to_ship": 4,
    "review": "8.0",
    "product_location": "Adams Arcade"
  }
},
{
  "model": "api.jumia",
  "pk": 53,
  "fields": {
    "link": "https://jumia.co.ke",
    "price": "3854.00",
    "shipping_cost": "554.00",
    "days_to_ship": 4,
    "review": "7.0",
    "product_location": "Adams Arcade"
  }
},
{
  "model": "api.jumia",
  "pk": 54,
  "fields": {
    "link": "https://jumia.co.ke",
    "price": "854.00",
    "shipping_cost": "354.00",
    "days_to_ship": 4,
    "review": "7.0",
    "product_location": "Adams Arcade"
  }
},
{
  "model": "api.jumia",
  "pk": 55,
  "fields": {
    "link": "https://jumia.co.ke",
    "price": "1254.00",
    "shipping_cost": "354.00",
    "days_to_ship": 4,
    "review": "7.0",
    "product_location": "Adams Arcade"
  }
},
{
  "model": "api.jumia",
  "pk": 56,
  "fields": {
    "link": "https://jumia.co.ke",
    "price": "1154.00",
    "shipping_cost": "354.00",
    "days_to_ship": 4,
    "review": "7.0",
    "product_location": "Adams Arcade"
  }
},
{
  "model": "api.jumia",
  "pk": 57,
  "fields": {
    "link": "https://jumia.co.ke",
    "price": "3854.00",
    "shipping_cost": "554.00",
    "days_to_ship": 4,
    "review": "7.0",
    "product_location": "Adams Arcade"
  }
},
{
  "model": "api.jumia",
  "pk": 58,
  "fields": {
    "link": "https://jumia.co.ke",
    "price": "854.00",
    "shipping_cost": "354.00",
    "days_to_ship": 4,
    "review": "7.0",
    "product_location": "Adams Arcade"
  }
},
{
  "model": "api.jumia",
  "pk": 59,
  "fields": {
    "link": "https://jumia.co.ke",
    "price": "1254.00",
    "shipping_cost": "354.00",
    "days_to_ship": 4,
    "review": "7.0",
    "product_location": "Adams Arcade"
  }
},
{
  "model": "api.jumia",
  "pk": 60,
  "fields": {
    "link": "https://jumia.co.ke",
    "price": "1154.00",
    "shipping_cost": "354.00",
    "days_to_ship": 4,
    "review": "7.0",
    "product_location": "Adams Arcade"
  }
},
{
  "model": "api.jumia",
  "pk": 61,
  "fields": {
    "link": "https://jumia.co.ke",
    "price": "11.54",
    "shipping_cost": "3.54",
    "days_to_ship": 4,
    "review": "7.0",
    "product_location": "Adams Arcade"
  }
},
{
  "model": "api.jumia",
  "pk": 62,
  "fields": {
    "link": "https://jumia.co.ke",
    "price": "11.54",
    "shipping_cost": "3.54",
    "days_to_ship": 4,
    "review": "7.0",
    "product_location": "Adams Arcade"
  }
},
{
  "model": "api.jumia",
  "pk": 63,
  "fields": {
    "link": "https://jumia.co.ke",
    "price": "11.54",
    "shipping_cost": "3.54",
    "days_to_ship": 4,
    "review": "7.0",
    "product_location": "Adams Arcade"
  }
},
{
  "model": "api.jumia",
  "pk": 64,
  "fields": {
    "link": "https://jumia.co.ke",
    "price": "11.54",
    "shipping_cost": "3.54",
    "days_to_ship": 4,
    "review": "7.0",
    "product_location": "Adams Arcade"
  }
},
{
  "model": "api.jumia",
  "pk": 65,
  "fields": {
    "link": "https://jumia.co.ke",
    "price": "11.54",
    "shipping_cost": "3.54",
    "days_to_ship": 4,
    "review": "7.0",
    "product_location": "Adams Arcade"
  }
},
{
  "model": "api.jumia",
  "pk": 66,
  "fields": {
    "link": "https://jumia.co.ke",
    "price": "11.54",
    "shipping_cost": "3.54",
    "days_to_ship": 4,
    "review": "7.0",
    "product_location": "Adams Arcade"
  }
},
{
  "model": "api.jumia",
  "pk": 67,
  "fields": {
    "link": "https://jumia.co.ke",
    "price": "11.54",
    "shipping_cost": "3.54",
    "days_to_ship": 4,
    "review": "7.0",
    "product_location": "Adams Arcade"
  }
},
{
  "model": "api.jumia",
  "pk": 68,
  "fields": {
    "link": "https://jumia.co.ke",
    "price": "11.54",
    "shipping_cost": "3.54",
    "days_to_ship": 4,
    "review": "7.0",
    "product_location": "Adams Arcade"
  }
},
{
  "model": "api.jumia",
  "pk": 69,
  "fields": {
    "link": "https://jumia.co.ke",
    "price": "11.54",
    "shipping_cost": "3.54",
    "days_to_ship": 4,
    "review": "7.0",
    "product_location": "Adams Arcade"
  }
},
{
  "model": "api.jumia",
  "pk": 70,
  "fields": {
    "link": "https://jumia.co.ke",
    "price": "11.54",
    "shipping_cost": "3.54",
    "days_to_ship": 4,
    "review": "7.0",
    "product_location": "Adams Arcade"
  }
},
{
  "model": "api.jumia",
  "pk": 71,
  "fields": {
    "link": "https://jumia.co.ke",
    "price": "11.54",
    "shipping_cost": "3.54",
    "days_to_ship": 4,
    "review": "7.0",
    "product_location": "Adams Arcade"
  }
},
{
  "model": "api.jumia",
  "pk": 72,
  "fields": {
    "link": "https://jumia.co.ke",
    "price": "11.54",
    "shipping_cost": "3.54",
    "days_to_ship": 4,
    "review": "7.0",
    "product_location": "Adams Arcade"
  }
},
{
  "model": "api.jumia",
  "pk": 73,
  "fields": {
    "link": "https://jumia.co.ke",
    "price": "11.54",
    "shipping_cost": "3.54",
    "days_to_ship": 4,
    "review": "7.0",
    "product_location": "Adams Arcade"
  }
},
{
  "model": "api.jumia",
  "pk": 74,
  "fields": {
    "link": "https://jumia.co.ke",
    "price": "11.54",
    "shipping_cost": "3.54",
    "days_to_ship": 4,
    "review": "7.0",
    "product_location": "Adams Arcade"
  }
},
{
  "model": "api.jumia",
  "pk": 75,
  "fields": {
    "link": "https://jumia.co.ke",
    "price": "11.54",
    "shipping_cost": "3.54",
    "days_to_ship": 4,
    "review": "7.0",
    "product_location": "Adams Arcade"
  }
},
{
  "model": "api.jumia",
  "pk": 76,
  "fields": {
    "link": "https://jumia.co.ke",
    "price": "11.54",
    "shipping_cost": "3.54",
    "days_to_ship": 4,
    "review": "7.0",
    "product_location": "Adams Arcade"
  }
},
{
  "model": "api.jumia",
  "pk": 77,
  "fields": {
    "link": "https://jumia.co.ke",
    "price": "554.00",
    "shipping_cost": "35.00",
    "days_to_ship": 4,
    "review": "7.0",
    "product_location": "Adams Arcade"
  }
},
{
  "model": "api.jumia",
  "pk": 78,
  "fields": {
    "link": "https://jumia.co.ke",
    "price": "1154.00",
    "shipping_cost": "54.00",
    "days_to_ship": 4,
    "review": "7.0",
    "product_location": "Adams Arcade"
  }
},
{
  "model": "api.jumia",
  "pk": 79,
  "fields": {
    "link": "https://jumia.co.ke",
    "price": "1154.00",
    "shipping_cost": "54.00",
    "days_to_ship": 4,
    "review": "7.0",
    "product_location": "Adams Arcade"
  }
},
{
  "model": "api.jumia",
  "pk": 80,
  "fields": {
    "link": "https://jumia.co.ke",
    "price": "1155.00",
    "shipping_cost": "54.00",
    "days_to_ship": 4,
    "review": "7.0",
    "product_location": "Adams Arcade"
  }
},
{
  "model": "api.jumia",
  "pk": 81,
  "fields": {
    "link": "https://jumia.co.ke",
    "price": "3.00",
    "shipping_cost": "3.00",
    "days_to_ship": 3,
    "review": "3.0",
    "product_location": "Adams Arcade"
  }
},
{
  "model": "api.jumia",
  "pk": 82,
  "fields": {
    "link": "https://jumia.co.ke",
    "price": "5.00",
    "shipping_cost": "5.00",
    "days_to_ship": 5,
    "review": "5.0",
    "product_location": "Adams Arcade"
  }
},
{
  "model": "api.kilimall",
  "pk": 41,
  "fields": {
    "link": "https://kilimall.co.ke",
    "price": "4140.00",
    "shipping_cost": "854.00",
    "days_to_ship": 3,
    "review": "10.0",
    "product_location": "Ngong Road"
  }
},
{
  "model": "api.kilimall",
  "pk": 42,
  "fields": {
    "link": "https://kilimall.co.ke",
    "price": "30000.00",
    "shipping_cost": "853.00",
    "days_to_ship": 3,
    "review": "10.0",
    "product_location": "Ngong Road"
  }
},
{
  "model": "api.kilimall",
  "pk": 43,
  "fields": {
    "link": "https://kilimall.co.ke",
    "price": "65000.00",
    "shipping_cost": "853.00",
    "days_to_ship": 3,
    "review": "8.0",
    "product_location": "Ngong Road"
  }
},
{
  "model": "api.kilimall",
  "pk": 44,
  "fields": {
    "link": "https://kilimall.co.ke",
    "price": "8254.00",
    "shipping_cost": "853.00",
    "days_to_ship": 3,
    "review": "7.0",
    "product_location": "Ngong Road"
  }
},
{
  "model": "api.kilimall",
  "pk": 45,
  "fields": {
    "link": "https://kilimall.co.ke",
    "price": "85000.00",
    "shipping_cost": "853.00",
    "days_to_ship": 3,
    "review": "8.0",
    "product_location": "Ngong Road"
  }
},
{
  "model": "api.kilimall",
  "pk": 46,
  "fields": {
    "link": "https://kilimall.co.ke",
    "price": "554.00",
    "shipping_cost": "853.00",
    "days_to_ship": 3,
    "review": "8.0",
    "product_location": "Ngong Road"
  }
},
{
  "model": "api.kilimall",
  "pk": 47,
  "fields": {
    "link": "https://kilimall.co.ke",
    "price": "1654.00",
    "shipping_cost": "853.00",
    "days_to_ship": 3,
    "review": "4.0",
    "product_location": "Ngong Road"
  }
},
{
  "model": "api.kilimall",
  "pk": 48,
  "fields": {
    "link": "https://kilimall.co.ke",
    "price": "654.00",
    "shipping_cost": "853.00",
    "days_to_ship": 3,
    "review": "8.0",
    "product_location": "Ngong Road"
  }
},
{
  "model": "api.kilimall",
  "pk": 49,
  "fields": {
    "link": "https://kilimall.co.ke",
    "price": "4140.00",
    "shipping_cost": "854.00",
    "days_to_ship": 3,
    "review": "10.0",
    "product_location": "Ngong Road"
  }
},
{
  "model": "api.kilimall",
  "pk": 50,
  "fields": {
    "link": "https://kilimall.co.ke",
    "price": "4080.00",
    "shipping_cost": "853.00",
    "days_to_ship": 3,
    "review": "10.0",
    "product_location": "Ngong Road"
  }
},
{
  "model": "api.kilimall",
  "pk": 51,
  "fields": {
    "link": "https://kilimall.co.ke",
    "price": "3880.00",
    "shipping_cost": "853.00",
    "days_to_ship": 3,
    "review": "8.0",
    "product_location": "Ngong Road"
  }
},
{
  "model": "api.kilimall",
  "pk": 52,
  "fields": {
    "link": "https://kilimall.co.ke",
    "price": "4254.00",
    "shipping_cost": "853.00",
    "days_to_ship": 3,
    "review": "7.0",
    "product_location": "Ngong Road"
  }
},
{
  "model": "api.kilimall",
  "pk": 53,
  "fields": {
    "link": "https://kilimall.co.ke",
    "price": "4254.00",
    "shipping_cost": "853.00",
    "days_to_ship": 3,
    "review": "8.0",
    "product_location": "Ngong Road"
  }
},
{
  "model": "api.kilimall",
  "pk": 54,
  "fields": {
    "link": "https://kilimall.co.ke",
    "price": "554.00",
    "shipping_cost": "853.00",
    "days_to_ship": 3,
    "review": "8.0",
    "product_location": "Ngong Road"
  }
},
{
  "model": "api.kilimall",
  "pk": 55,
  "fields": {
    "link": "https://kilimall.co.ke",
    "price": "1654.00",
    "shipping_cost": "853.00",
    "days_to_ship": 3,
    "review": "8.0",
    "product_location": "Ngong Road"
  }
},
{
  "model": "api.kilimall",
  "pk": 56,
  "fields": {
    "link": "https://kilimall.co.ke",
    "price": "654.00",
    "shipping_cost": "853.00",
    "days_to_ship": 3,
    "review": "8.0",
    "product_location": "Ngong Road"
  }
},
{
  "model": "api.kilimall",
  "pk": 57,
  "fields": {
    "link": "https://kilimall.co.ke",
    "price": "4254.00",
    "shipping_cost": "853.00",
    "days_to_ship": 3,
    "review": "8.0",
    "product_location": "Ngong Road"
  }
},
{
  "model": "api.kilimall",
  "pk": 58,
  "fields": {
    "link": "https://kilimall.co.ke",
    "price": "554.00",
    "shipping_cost": "853.00",
    "days_to_ship": 3,
    "review": "8.0",
    "product_location": "Ngong Road"
  }
},
{
  "model": "api.kilimall",
  "pk": 59,
  "fields": {
    "link": "https://kilimall.co.ke",
    "price": "1654.00",
    "shipping_cost": "853.00",
    "days_to_ship": 3,
    "review": "8.0",
    "product_location": "Ngong Road"
  }
},
{
  "model": "api.kilimall",
  "pk": 60,
  "fields": {
    "link": "https://kilimall.co.ke",
    "price": "654.00",
    "shipping_cost": "853.00",
    "days_to_ship": 3,
    "review": "6.0",
    "product_location": "Ngong Road"
  }
},
{
  "model": "api.kilimall",
  "pk": 61,
  "fields": {
    "link": "https://kilimall.co.ke",
    "price": "6.54",
    "shipping_cost": "8.53",
    "days_to_ship": 3,
    "review": "6.0",
    "product_location": "Ngong Road"
  }
},
{
  "model": "api.kilimall",
  "pk": 62,
  "fields": {
    "link": "https://kilimall.co.ke",
    "price": "6.54",
    "shipping_cost": "8.53",
    "days_to_ship": 3,
    "review": "6.0",
    "product_location": "Ngong Road"
  }
},
{
  "model": "api.kilimall",
  "pk": 63,
  "fields": {
    "link": "https://kilimall.co.ke",
    "price": "6.54",
    "shipping_cost": "8.53",
    "days_to_ship": 3,
    "review": "6.0",
    "product_location": "Ngong Road"
  }
},
{
  "model": "api.kilimall",
  "pk": 64,
  "fields": {
    "link": "https://kilimall.co.ke",
    "price": "6.54",
    "shipping_cost": "8.53",
    "days_to_ship": 3,
    "review": "6.0",
    "product_location": "Ngong Road"
  }
},
{
  "model": "api.kilimall",
  "pk": 65,
  "fields": {
    "link": "https://kilimall.co.ke",
    "price": "6.54",
    "shipping_cost": "8.53",
    "days_to_ship": 3,
    "review": "6.0",
    "product_location": "Ngong Road"
  }
},
{
  "model": "api.kilimall",
  "pk": 66,
  "fields": {
    "link": "https://kilimall.co.ke",
    "price": "6.54",
    "shipping_cost": "8.53",
    "days_to_ship": 3,
    "review": "6.0",
    "product_location": "Ngong Road"
  }
},
{
  "model": "api.kilimall",
  "pk": 67,
  "fields": {
    "link": "https://kilimall.co.ke",
    "price": "6.54",
    "shipping_cost": "8.53",
    "days_to_ship": 3,
    "review": "6.0",
    "product_location": "Ngong Road"
  }
},
{
  "model": "api.kilimall",
  "pk": 68,
  "fields": {
    "link": "https://kilimall.co.ke",
    "price": "6.54",
    "shipping_cost": "8.53",
    "days_to_ship": 3,
    "review": "6.0",
    "product_location": "Ngong Road"
  }
},
{
  "model": "api.kilimall",
  "pk": 69,
  "fields": {
    "link": "https://kilimall.co.ke",
    "price": "6.54",
    "shipping_cost": "8.53",
    "days_to_ship": 3,
    "review": "6.0",
    "product_location": "Ngong Road"
  }
},
{
  "model": "api.kilimall",
  "pk": 70,
  "fields": {
    "link": "https://kilimall.co.ke",
    "price": "6.54",
    "shipping_cost": "8.53",
    "days_to_ship": 3,
    "review": "6.0",
    "product_location": "Ngong Road"
  }
},
{
  "model": "api.kilimall",
  "pk": 71,
  "fields": {
    "link": "https://kilimall.co.ke",
    "price": "6.54",
    "shipping_cost": "8.53",
    "days_to_ship": 3,
    "review": "6.0",
    "product_location": "Ngong Road"
  }
},
{
  "model": "api.kilimall",
  "pk": 72,
  "fields": {
    "link": "https://kilimall.co.ke",
    "price": "6.54",
    "shipping_cost": "8.53",
    "days_to_ship": 3,
    "review": "6.0",
    "product_location": "Ngong Road"
  }
},
{
  "model": "api.kilimall",
  "pk": 73,
  "fields": {
    "link": "https://kilimall.co.ke",
    "price": "6.54",
    "shipping_cost": "8.53",
    "days_to_ship": 3,
    "review": "6.0",
    "product_location": "Ngong Road"
  }
},
{
  "model": "api.kilimall",
  "pk": 74,
  "fields": {
    "link": "https://kilimall.co.ke",
    "price": "6.54",
    "shipping_cost": "8.53",
    "days_to_ship": 3,
    "review": "6.0",
    "product_location": "Ngong Road"
  }
},
{
  "model": "api.kilimall",
  "pk": 75,
  "fields": {
    "link": "https://kilimall.co.ke",
    "price": "6.54",
    "shipping_cost": "8.53",
    "days_to_ship": 3,
    "review": "6.0",
    "product_location": "Ngong Road"
  }
},
{
  "model": "api.kilimall",
  "pk": 76,
  "fields": {
    "link": "https://kilimall.co.ke",
    "price": "6.54",
    "shipping_cost": "8.53",
    "days_to_ship": 3,
    "review": "6.0",
    "product_location": "Ngong Road"
  }
},
{
  "model": "api.kilimall",
  "pk": 77,
  "fields": {
    "link": "https://kilimall.co.ke",
    "price": "1050.00",
    "shipping_cost": "83.00",
    "days_to_ship": 3,
    "review": "6.0",
    "product_location": "Ngong Road"
  }
},
{
  "model": "api.kilimall",
  "pk": 78,
  "fields": {
    "link": "https://kilimall.co.ke",
    "price": "565.00",
    "shipping_cost": "53.00",
    "days_to_ship": 3,
    "review": "6.0",
    "product_location": "Ngong Road"
  }
},
{
  "model": "api.kilimall",
  "pk": 79,
  "fields": {
    "link": "https://kilimall.co.ke",
    "price": "1654.00",
    "shipping_cost": "53.00",
    "days_to_ship": 3,
    "review": "6.0",
    "product_location": "Ngong Road"
  }
},
{
  "model": "api.kilimall",
  "pk": 80,
  "fields": {
    "link": "https://kilimall.co.ke",
    "price": "655.00",
    "shipping_cost": "53.00",
    "days_to_ship": 3,
    "review": "6.0",
    "product_location": "Ngong Road"
  }
},
{
  "model": "api.kilimall",
  "pk": 81,
  "fields": {
    "link": "https://kilimall.co.ke",
    "price": "4.00",
    "shipping_cost": "4.00",
    "days_to_ship": 4,
    "review": "4.0",
    "product_location": "Ngong Road"
  }
},
{
  "model": "api.kilimall",
  "pk": 82,
  "fields": {
    "link": "https://kilimall.co.ke",
    "price": "22.00",
    "shipping_cost": "22.00",
    "days_to_ship": 22,
    "review": "10.0",
    "product_location": "Ngong Road"
  }
},
{
  "model": "api.shopify",
  "pk": 41,
  "fields": {
    "link": "#",
    "price": "4000.00",
    "shipping_cost": "354.00",
    "days_to_ship": 2,
    "review": "10.0",
    "product_location": "Kilimani"
  }
},
{
  "model": "api.shopify",
  "pk": 42,
  "fields": {
    "link": "#",
    "price": "37000.00",
    "shipping_cost": "853.00",
    "days_to_ship": 2,
    "review": "10.0",
    "product_location": "Kilimani"
  }
},
{
  "model": "api.shopify",
  "pk": 43,
  "fields": {
    "link": "#",
    "price": "70000.00",
    "shipping_cost": "853.00",
    "days_to_ship": 2,
    "review": "10.0",
    "product_location": "Kilimani"
  }
},
{
  "model": "api.shopify",
  "pk": 44,
  "fields": {
    "link": "#",
    "price": "6644.00",
    "shipping_cost": "850.00",
    "days_to_ship": 2,
    "review": "10.0",
    "product_location": "Kilimani"
  }
},
{
  "model": "api.shopify",
  "pk": 45,
  "fields": {
    "link": "#",
    "price": "85500.00",
    "shipping_cost": "340.00",
    "days_to_ship": 2,
    "review": "6.0",
    "product_location": "Kilimani"
  }
},
{
  "model": "api.shopify",
  "pk": 46,
  "fields": {
    "link": "#",
    "price": "2500.00",
    "shipping_cost": "340.00",
    "days_to_ship": 2,
    "review": "10.0",
    "product_location": "Kilimani"
  }
},
{
  "model": "api.shopify",
  "pk": 47,
  "fields": {
    "link": "#",
    "price": "1530.00",
    "shipping_cost": "340.00",
    "days_to_ship": 2,
    "review": "7.0",
    "product_location": "Kilimani"
  }
},
{
  "model": "api.shopify",
  "pk": 48,
  "fields": {
    "link": "#",
    "price": "5230.00",
    "shipping_cost": "340.00",
    "days_to_ship": 2,
    "review": "5.0",
    "product_location": "Kilimani"
  }
},
{
  "model": "api.shopify",
  "pk": 49,
  "fields": {
    "link": "#",
    "price": "5530.00",
    "shipping_cost": "340.00",
    "days_to_ship": 2,
    "review": "2.0",
    "product_location": "Kilimani"
  }
},
{
  "model": "api.shopify",
  "pk": 50,
  "fields": {
    "link": "#",
    "price": "1530.00",
    "shipping_cost": "340.00",
    "days_to_ship": 2,
    "review": "7.3",
    "product_location": "Kilimani"
  }
},
{
  "model": "api.shopify",
  "pk": 51,
  "fields": {
    "link": "#",
    "price": "530.00",
    "shipping_cost": "340.00",
    "days_to_ship": 2,
    "review": "10.0",
    "product_location": "Kilimani"
  }
},
{
  "model": "api.shopify",
  "pk": 52,
  "fields": {
    "link": "#",
    "price": "9530.00",
    "shipping_cost": "340.00",
    "days_to_ship": 2,
    "review": "10.0",
    "product_location": "Kilimani"
  }
},
{
  "model": "api.shopify",
  "pk": 53,
  "fields": {
    "link": "#",
    "price": "8530.00",
    "shipping_cost": "340.00",
    "days_to_ship": 2,
    "review": "2.0",
    "product_location": "Kilimani"
  }
},
{
  "model": "api.shopify",
  "pk": 54,
  "fields": {
    "link": "#",
    "price": "7530.00",
    "shipping_cost": "340.00",
    "days_to_ship": 2,
    "review": "3.0",
    "product_location": "Kilimani"
  }
},
{
  "model": "api.shopify",
  "pk": 55,
  "fields": {
    "link": "#",
    "price": "6530.00",
    "shipping_cost": "340.00",
    "days_to_ship": 2,
    "review": "4.0",
    "product_location": "Kilimani"
  }
},
{
  "model": "api.shopify",
  "pk": 56,
  "fields": {
    "link": "#",
    "price": "5530.00",
    "shipping_cost": "340.00",
    "days_to_ship": 2,
    "review": "5.0",
    "product_location": "Kilimani"
  }
},
{
  "model": "api.shopify",
  "pk": 57,
  "fields": {
    "link": "#",
    "price": "4530.00",
    "shipping_cost": "340.00",
    "days_to_ship": 2,
    "review": "6.0",
    "product_location": "Kilimani"
  }
},
{
  "model": "api.shopify",
  "pk": 58,
  "fields": {
    "link": "#",
    "price": "3530.00",
    "shipping_cost": "340.00",
    "days_to_ship": 2,
    "review": "7.0",
    "product_location": "Kilimani"
  }
},
{
  "model": "api.shopify",
  "pk": 59,
  "fields": {
    "link": "#",
    "price": "2530.00",
    "shipping_cost": "340.00",
    "days_to_ship": 2,
    "review": "8.0",
    "product_location": "Kilimani"
  }
},
{
  "model": "api.shopify",
  "pk": 60,
  "fields": {
    "link": "#",
    "price": "1530.00",
    "shipping_cost": "340.00",
    "days_to_ship": 2,
    "review": "9.0",
    "product_location": "Kilimani"
  }
},
{
  "model": "api.shopify",
  "pk": 61,
  "fields": {
    "link": "#",
    "price": "15.39",
    "shipping_cost": "3.49",
    "days_to_ship": 2,
    "review": "9.0",
    "product_location": "Kilimani"
  }
},
{
  "model": "api.shopify",
  "pk": 62,
  "fields": {
    "link": "#",
    "price": "15.39",
    "shipping_cost": "3.49",
    "days_to_ship": 2,
    "review": "9.0",
    "product_location": "Kilimani"
  }
},
{
  "model": "api.shopify",
  "pk": 63,
  "fields": {
    "link": "#",
    "price": "15.39",
    "shipping_cost": "3.49",
    "days_to_ship": 2,
    "review": "9.0",
    "product_location": "Kilimani"
  }
},
{
  "model": "api.shopify",
  "pk": 64,
  "fields": {
    "link": "#",
    "price": "15.39",
    "shipping_cost": "3.49",
    "days_to_ship": 2,
    "review": "9.0",
    "product_location": "Kilimani"
  }
},
{
  "model": "api.shopify",
  "pk": 65,
  "fields": {
    "link": "#",
    "price": "15.39",
    "shipping_cost": "3.49",
    "days_to_ship": 2,
    "review": "9.0",
    "product_location": "Kilimani"
  }
},
{
  "model": "api.shopify",
  "pk": 66,
  "fields": {
    "link": "#",
    "price": "15.39",
    "shipping_cost": "3.49",
    "days_to_ship": 2,
    "review": "9.0",
    "product_location": "Kilimani"
  }
},
{
  "model": "api.shopify",
  "pk": 67,
  "fields": {
    "link": "#",
    "price": "15.39",
    "shipping_cost": "3.49",
    "days_to_ship": 2,
    "review": "9.0",
    "product_location": "Kilimani"
  }
},
{
  "model": "api.shopify",
  "pk": 68,
  "fields": {
    "link": "#",
    "price": "15.39",
    "shipping_cost": "3.49",
    "days_to_ship": 2,
    "review": "9.0",
    "product_location": "Kilimani"
  }
},
{
  "model": "api.shopify",
  "pk": 69,
  "fields": {
    "link": "#",
    "price": "15.39",
    "shipping_cost": "3.49",
    "days_to_ship": 2,
    "review": "9.0",
    "product_location": "Kilimani"
  }
},
{
  "model": "api.shopify",
  "pk": 70,
  "fields": {
    "link": "#",
    "price": "15.39",
    "shipping_cost": "3.49",
    "days_to_ship": 2,
    "review": "9.0",
    "product_location": "Kilimani"
  }
},
{
  "model": "api.shopify",
  "pk": 71,
  "fields": {
    "link": "#",
    "price": "15.39",
    "shipping_cost": "3.49",
    "days_to_ship": 2,
    "review": "9.0",
    "product_location": "Kilimani"
  }
},
{
  "model": "api.shopify",
  "pk": 72,
  "fields": {
    "link": "#",
    "price": "15.39",
    "shipping_cost": "3.49",
    "days_to_ship": 2,
    "review": "9.0",
    "product_location": "Kilimani"
  }
},
{
  "model": "api.shopify",
  "pk": 73,
  "fields": {
    "link": "#",
    "price": "15.39",
    "shipping_cost": "3.49",
    "days_to_ship": 2,
    "review": "9.0",
    "product_location": "Kilimani"
  }
},
{
  "model": "api.shopify",
  "pk": 74,
  "fields": {
    "link": "#",
    "price": "15.39",
    "shipping_cost": "3.49",
    "days_to_ship": 2,
    "review": "9.0",
    "product_location": "Kilimani"
  }
},
{
  "model": "api.shopify",
  "pk": 75,
  "fields": {
    "link": "#",
    "price": "15.39",
    "shipping_cost": "3.49",
    "days_to_ship": 2,
    "review": "9.0",
    "product_location": "Kilimani"
  }
},
{
  "model": "api.shopify",
  "pk": 76,
  "fields": {
    "link": "#",
    "price": "15.39",
    "shipping_cost": "3.49",
    "days_to_ship": 2,
    "review": "9.0",
    "product_location": "Kilimani"
  }
},
{
  "model": "api.shopify",
  "pk": 77,
  "fields": {
    "link": "#",
    "price": "1550.00",
    "shipping_cost": "349.00",
    "days_to_ship": 2,
    "review": "9.0",
    "product_location": "Kilimani"
  }
},
{
  "model": "api.shopify",
  "pk": 78,
  "fields": {
    "link": "#",
    "price": "1539.00",
    "shipping_cost": "149.00",
    "days_to_ship": 2,
    "review": "9.0",
    "product_location": "Kilimani"
  }
},
{
  "model": "api.shopify",
  "pk": 79,
  "fields": {
    "link": "#",
    "price": "1540.00",
    "shipping_cost": "149.00",
    "days_to_ship": 2,
    "review": "9.0",
    "product_location": "Kilimani"
  }
},
{
  "model": "api.shopify",
  "pk": 80,
  "fields": {
    "link": "#",
    "price": "1540.00",
    "shipping_cost": "49.00",
    "days_to_ship": 2,
    "review": "9.0",
    "product_location": "Kilimani"
  }
},
{
  "model": "api.shopify",
  "pk": 81,
  "fields": {
    "link": "#",
    "price": "4.00",
    "shipping_cost": "45.00",
    "days_to_ship": 5,
    "review": "5.0",
    "product_location": "Kilimani"
  }
},
{
  "model": "api.shopify",
  "pk": 82,
  "fields": {
    "link": "#",
    "price": "9.00",
    "shipping_cost": "9.00",
    "days_to_ship": 9,
    "review": "9.0",
    "product_location": "Kilimani"
  }
},
{
  "model": "api.product",
  "pk": 1,
  "fields": {
    "name": "ON Shoes",
    "about": "Enhance your workout with these On sneakers.",
    "description": "Enhance your workout with these On sneakers. They are lightweight and comfortable, with high-quality design and engineering.",
    "image": "https://images.unsplash.com/photo-1542291026-7eec264c27ff?ixlib=rb-4.0.3&ixid=M3wxMjA3fDB8MHxzZWFyY2h8Mnx8c2hvZXN8ZW58MHx8MHx8fDA%3D&auto=format&fit=crop&w=600&q=60",
    "amazon": 41,
    "jumia": 41,
    "kilimall": 41,
    "shopify": 41
  }
},
{
  "model": "api.product",
  "pk": 2,
  "fields": {
    "name": "Oppo A57",
    "about": "The Oppo A57 4G has a fast 2.3 GHz Octa-core processor and 4GB of RAM.",
    "description": "The Oppo A57 4G has a fast 2.3 GHz Octa-core processor and 4GB of RAM. It has 64GB of storage that can be expanded with a microSDXC card. The phone runs on Android 12 and has a long-lasting 5000mAh battery that cannot be removed.",
    "image": "https://images.unsplash.com/photo-1585060544812-6b45742d762f?ixlib=rb-4.0.3&ixid=M3wxMjA3fDB8MHxzZWFyY2h8MjJ8fHBob25lfGVufDB8fDB8fHww&auto=format&fit=crop&w=600&q=60",
    "amazon": 42,
    "jumia": 42,
    "kilimall": 42,
    "shopify": 42
  }
},
{
  "model": "api.product",
  "pk": 3,
  "fields": {
    "name": "Samsung 43-Inch BE43T-H Pro Television",
    "about": "The Samsung BET-H Series 43-Inch 4K Pro TV is perfect for showcasing captivating content.",
    "description": "The Samsung BET-H Series 43-Inch 4K Pro TV is perfect for showcasing captivating content. With its stunning 4K picture quality, customizable options, and vibrant colors, it delivers crystal clear and dynamic visuals. This reliable TV can operate for 16 hours a day, 7 days a week, and has convenient features like an on/off timer. It also offers built-in TV tuners, multiple input ports, YouTube streaming, and the ability to showcase custom content from a smartphone or tablet. With its sleek design and easy installation, it seamlessly integrates into any commercial space.",
    "image": "https://images.unsplash.com/photo-1601944179066-29786cb9d32a?ixlib=rb-4.0.3&ixid=M3wxMjA3fDB8MHxzZWFyY2h8Nnx8c2Ftc3VuZyUyMHR2fGVufDB8fDB8fHww&auto=format&fit=crop&w=600&q=60",
    "amazon": 43,
    "jumia": 43,
    "kilimall": 43,
    "shopify": 43
  }
},
{
  "model": "api.product",
  "pk": 4,
  "fields": {
    "name": "Gaming Headset",
    "about": "Get gaming and unleash the inner champion with the ZEB-JET PRO premium gaming headphones",
    "description": "Get gaming and unleash the inner champion with the ZEB-JET PRO premium gaming headphones.",
    "image": "https://images.unsplash.com/photo-1484704849700-f032a568e944?ixlib=rb-4.0.3&ixid=M3wxMjA3fDB8MHxzZWFyY2h8M3x8aGVhZHBob25lc3xlbnwwfHwwfHx8MA%3D%3D&auto=format&fit=crop&w=600&q=60",
    "amazon": 44,
    "jumia": 44,
    "kilimall": 44,
    "shopify": 44
  }
},
{
  "model": "api.product",
  "pk": 5,
  "fields": {
    "name": "PlayStation 5 Console (PS5)",
    "about": "The PS5 console brings you exciting new gaming experiences that you never expected.",
    "description": "The PS5 console brings you exciting new gaming experiences that you never expected. It has lightning-fast loading times thanks to its super-fast SSD. You'll feel more immersed in games with features like haptic feedback, adaptive triggers, and 3D Audio. Plus, there's a whole new generation of amazing PlayStation games to enjoy.",
    "image": "https://images.unsplash.com/photo-1606144042614-b2417e99c4e3?ixlib=rb-4.0.3&ixid=M3wxMjA3fDB8MHxzZWFyY2h8M3x8cGxheXN0YXRpb24lMjA1fGVufDB8fDB8fHww&auto=format&fit=crop&w=600&q=60",
    "amazon": 45,
    "jumia": 45,
    "kilimall": 45,
    "shopify": 45
  }
},
{
  "model": "api.product",
  "pk": 6,
  "fields": {
    "name": "Nike NK Strk Team 350G",
    "about": "Experience football because Nike got your hand.",
    "description": "Experience football because Nike got your hand. With an attractive design, the Nike ball offers a higher level of quality, ensuring precision and control.",
    "image": "https://images.unsplash.com/photo-1631392406631-c2eeeda4d4bb?ixlib=rb-4.0.3&ixid=M3wxMjA3fDB8MHxzZWFyY2h8NHx8bmlrZSUyMGJhbGx8ZW58MHx8MHx8fDA%3D&auto=format&fit=crop&w=600&q=60",
    "amazon": 46,
    "jumia": 46,
    "kilimall": 46,
    "shopify": 46
  }
},
{
  "model": "api.product",
  "pk": 7,
  "fields": {
    "name": "Lakers NBA Yellow Gold Jersey",
    "about": "Show your dedication to the Los Angeles Lakers by wearing the jersey of your favorite player.",
    "description": "Show your dedication to the Los Angeles Lakers by wearing the jersey of your favorite player. If your youngster is a big fan of the team and loves watching LeBron James play, this Swingman Icon Edition jersey is perfect for them. It has cool graphics that celebrate their favorite NBA pro.",
    "image": "https://images.unsplash.com/photo-1530279281203-4c60af01ee58?ixlib=rb-4.0.3&ixid=M3wxMjA3fDB8MHxwaG90by1wYWdlfHx8fGVufDB8fHx8fA%3D%3D&auto=format&fit=crop&w=870&q=80",
    "amazon": 47,
    "jumia": 47,
    "kilimall": 47,
    "shopify": 47
  }
},
{
  "model": "api.product",
  "pk": 8,
  "fields": {
    "name": "Nike Phantom Football Boots",
    "about": "Nike Presents Its New Phantom Women's Boot.",
    "description": "Nike Presents Its New Phantom Women's Boot. The style of our soccer shoes is high-top, perfect for football enthusiasts. They are made with soft and smooth synthetic leather for a comfortable fit. These shoes are suitable for all seasons - spring, summer, autumn, and winter.",
    "image": "https://images.unsplash.com/photo-1520316720100-4f46961a49cc?ixlib=rb-4.0.3&ixid=M3wxMjA3fDB8MHxzZWFyY2h8MzZ8fG5pa2UlMjBmb290YmFsbCUyMHNob2VzfGVufDB8fDB8fHww&auto=format&fit=crop&w=600&q=60",
    "amazon": 48,
    "jumia": 48,
    "kilimall": 48,
    "shopify": 48
  }
},
{
  "model": "api.product",
  "pk": 9,
  "fields": {
    "name": "Apline SWiss Expandable Briefcase",
    "about": "The ultimate durable and functional leather briefcase.",
    "description": "The ultimate durable and functional leather briefcase. You can use it 4 ways: over the shoulder, by the handle, as a backpack, or strapped to your roller-board luggage.",
    "image": "https://images.unsplash.com/photo-1473188588951-666fce8e7c68?ixlib=rb-4.0.3&ixid=M3wxMjA3fDB8MHxzZWFyY2h8OHx8YnJpZWZjYXNlfGVufDB8fDB8fHww&auto=format&fit=crop&w=600&q=60",
    "amazon": 49,
    "jumia": 49,
    "kilimall": 49,
    "shopify": 49
  }
},
{
  "model": "api.product",
  "pk": 11,
  "fields": {
    "name": "Memory Foam & Innerspring Hybrid Mattress",
    "about": "Experience the perfect combination of pressure relief and reliable support",
    "description": "Experience the perfect combination of pressure relief and reliable support with this 8-inch twin mattress. It brings together the comfort of a memory foam mattress and the support of a traditional innerspring mattress, all at an affordable price. This medium-firm mattress is designed to evenly distribute weight with durable steel coils and provide pressure relief with cushioning memory foam that conforms to your body. It's a great choice for any bedroom, including kids' rooms, bunk beds, trundles, and guest rooms. The mattress is conveniently shipped in a box, so all you have to do is unbox, unroll, and start enjoying a better night's sleep.",
    "image": "https://images.unsplash.com/photo-1592399737996-fb91cf01b7fb?ixlib=rb-4.0.3&ixid=M3wxMjA3fDB8MHxzZWFyY2h8ODN8fG1hdHRyZXNzfGVufDB8fDB8fHww&auto=format&fit=crop&w=600&q=60",
    "amazon": 51,
    "jumia": 51,
    "kilimall": 51,
    "shopify": 51
  }
},
{
  "model": "api.product",
  "pk": 12,
  "fields": {
    "name": "SAMSUNG RF28R7201SR Stainless 4-Door Refrigerator",
    "about": "This refrigerator is made with fingerprint-resistant stainless steel, ensuring it stays looking clean and sleek.",
    "description": "This refrigerator is made with fingerprint-resistant stainless steel, ensuring it stays looking clean and sleek. With its spacious 28 cu. ft. capacity and flexible storage options, it provides ample space for all your food storage needs. The FlexZone Drawer allows you to customize temperature settings for different types of food.",
    "image": "https://images.unsplash.com/photo-1588854337115-1c67d9247e4d?ixlib=rb-4.0.3&ixid=M3wxMjA3fDB8MHxzZWFyY2h8MjZ8fHJlZnJpZ2VyYXRvcnxlbnwwfHwwfHx8MA%3D%3D&auto=format&fit=crop&w=600&q=60",
    "amazon": 52,
    "jumia": 52,
    "kilimall": 52,
    "shopify": 52
  }
},
{
  "model": "api.product",
  "pk": 13,
  "fields": {
    "name": "Magnetic Chess Board Game Set",
    "about": "Strategic game of chess",
    "description": "The chess pieces are made with strong magnets, so you won't lose any pieces while playing. This adds to the appeal and excitement of your chess game.",
    "image": "https://images.unsplash.com/photo-1619880468487-eed5b12d2a73?ixlib=rb-4.0.3&ixid=M3wxMjA3fDB8MHxzZWFyY2h8OHx8Y2hlc3MlMjBib2FyZHxlbnwwfHwwfHx8MA%3D%3D&auto=format&fit=crop&w=600&q=60",
    "amazon": 53,
    "jumia": 53,
    "kilimall": 53,
    "shopify": 53
  }
},
{
  "model": "api.product",
  "pk": 14,
  "fields": {
    "name": "Louis Vuitton HandBag",
    "about": "A luxury designer accessory crafted with meticulous attention to detail",
    "description": "We prioritize quality assurance to ensure customer satisfaction. If you have any questions or issues with our products, please don't hesitate to reach out to us. We are committed to providing excellent customer service and will do our best to assist you.",
    "image": "https://images.unsplash.com/photo-1545776771-0a6367761ff3?ixlib=rb-4.0.3&ixid=M3wxMjA3fDB8MHxzZWFyY2h8OHx8bG91aXMlMjB2dWl0dG9ufGVufDB8fDB8fHww&auto=format&fit=crop&w=600&q=60",
    "amazon": 54,
    "jumia": 54,
    "kilimall": 54,
    "shopify": 54
  }
},
{
  "model": "api.product",
  "pk": 15,
  "fields": {
    "name": "Nivea Moisture Lip Care",
    "about": "Known for its moisturizing and nourishing properties that keep lips soft and smooth",
    "description": "This pack includes cherry, strawberry, blackberry, and watermelon lip balms that hydrate your lips. These lip balms are enriched with Shea Butter, Jojoba Oil, and Avocado Oil to keep your lips beautiful and add a touch of color. The unique formula instantly hydrates and protects your lips from dryness, providing nourishing moisture all day long.",
    "image": "https://images.unsplash.com/photo-1659893982175-4929c25e740f?ixlib=rb-4.0.3&ixid=M3wxMjA3fDB8MHxzZWFyY2h8MTJ8fG5pdmVhfGVufDB8fDB8fHww&auto=format&fit=crop&w=600&q=60",
    "amazon": 55,
    "jumia": 55,
    "kilimall": 55,
    "shopify": 55
  }
},
{
  "model": "api.product",
  "pk": 16,
  "fields": {
    "name": "Persian Carpet",
    "about": "Handwoven textile art piece originating from Iran",
    "description": "This high-quality distressed area rug is made of soft and durable synthetic fibers, featuring a modern abstract design that beautifully enhances any room in your home, and we promise to provide excellent pre-sales and after-sales service, so feel free to reach out to us with any questions.",
    "image": "https://images.unsplash.com/photo-1594040226829-7f251ab46d80?ixlib=rb-4.0.3&ixid=M3wxMjA3fDB8MHxzZWFyY2h8OHx8Y2FycGV0fGVufDB8fDB8fHww&auto=format&fit=crop&w=600&q=60",
    "amazon": 56,
    "jumia": 56,
    "kilimall": 56,
    "shopify": 56
  }
},
{
  "model": "api.product",
  "pk": 17,
  "fields": {
    "name": "Dainty Diamond Necklace",
    "about": "A luxurious piece of jewelery that features a chain adorned with diamond caliber x2 pieces",
    "description": "Kyerlyn jewelry offers a variety of diamond shapes, including heart, round, big, and small. When you receive it, you'll love it. The necklace comes in a lovely small box, and you can choose to wear it or give it as a gift to your family, lover, or friends. It is plated in gold or silver to ensure a long-lasting finish.",
    "image": "https://images.unsplash.com/photo-1585506172580-9564a524231f?ixlib=rb-4.0.3&ixid=M3wxMjA3fDB8MHxzZWFyY2h8MTJ8fGRpYW1vbmQlMjBuZWNrbGFjZXxlbnwwfHwwfHx8MA%3D%3D&auto=format&fit=crop&w=600&q=60",
    "amazon": 57,
    "jumia": 57,
    "kilimall": 57,
    "shopify": 57
  }
},
{
  "model": "api.product",
  "pk": 18,
  "fields": {
    "name": "Preserved Forever Flowers",
    "about": "Popular gift for Valentine's day",
    "description": "Experience the beauty of our long-lasting roses that can stay fresh for up to 3 years. Our special technique preserves the big and beautiful Grade-A roses, allowing them to bloom for everyone. Discover the language of love with Glamour Boutique and make someone's day memorable.",
    "image": "https://images.unsplash.com/photo-1512056495345-913a0c261dc8?ixlib=rb-4.0.3&ixid=M3wxMjA3fDB8MHxzZWFyY2h8M3x8dmFsZW50aW5lJTIwZmxvd2Vyc3xlbnwwfHwwfHx8MA%3D%3D&auto=format&fit=crop&w=600&q=60",
    "amazon": 58,
    "jumia": 58,
    "kilimall": 58,
    "shopify": 58
  }
},
{
  "model": "api.product",
  "pk": 19,
  "fields": {
    "name": "Chateau De Fleur Champagne",
    "about": "Sparkling wine produced in the Champagne region of France",
    "description": "Indulge in the exquisite taste of our premium champagne. With its delicate bubbles and smooth flavor, it's the perfect choice for celebrating special moments or adding a touch of elegance to any occasion. Cheers to unforgettable memories with our exceptional champagne.",
    "image": "https://images.unsplash.com/photo-1635674686943-01e7431e91c4?ixlib=rb-4.0.3&ixid=M3wxMjA3fDB8MHxzZWFyY2h8MTd8fHdpbmUlMjBib3R0bGV8ZW58MHx8MHx8fDA%3D&auto=format&fit=crop&w=600&q=60",
    "amazon": 59,
    "jumia": 59,
    "kilimall": 59,
    "shopify": 59
  }
},
{
  "model": "api.product",
  "pk": 20,
  "fields": {
    "name": "Hammer Bowling ball",
    "about": "Spherical sports equipment used in the game of bowling",
    "description": "We're Hammer, and we like to do things differently. That's why we created the Raw Hammer series. This series includes four unique and high-performing bowling balls. We designed these balls to not only enhance the game of experienced players but also to give new bowlers a high-performance option for their first Hammer purchase.",
    "image": "https://images.unsplash.com/photo-1617895120763-edd71143f9bd?ixlib=rb-4.0.3&ixid=M3wxMjA3fDB8MHxzZWFyY2h8Mnx8Ym93bGluZyUyMGJhbGx8ZW58MHx8MHx8fDA%3D&auto=format&fit=crop&w=600&q=60",
    "amazon": 60,
    "jumia": 60,
    "kilimall": 60,
    "shopify": 60
  }
},
{
  "model": "api.product",
  "pk": 21,
  "fields": {
    "name": "Make-up Kit",
    "about": "Cosmetic products and techniques used to enhance one's appearnce",
    "description": "This all-in-one makeup case has everything you need for a full face look, allowing you to achieve a full face look in various styles; it features vibrant and highly pigmented colors with a range of matte, metallic, satin, shimmer, and gel glitter finishes, all in an ultra-soft and smooth powder texture that is easy to apply and blend, giving you endless possibilities for creating different looks.",
    "image": "https://images.unsplash.com/photo-1522335789203-aabd1fc54bc9?ixlib=rb-4.0.3&ixid=M3wxMjA3fDB8MHxzZWFyY2h8NHx8bWFrZSUyMHVwfGVufDB8fDB8fHww&auto=format&fit=crop&w=400&q=60",
    "amazon": 61,
    "jumia": 61,
    "kilimall": 61,
    "shopify": 61
  }
},
{
  "model": "api.product",
  "pk": 22,
  "fields": {
    "name": "Atomic Habits",
    "about": "Best-selling self-help book by James Clear",
    "description": "Are you struggling to change your habits, it's not you, it's your system. This book provides a proven system to help you break bad habits and create good ones, using ideas from biology, psychology, and neuroscience. You will learn how to make time for new habits, overcome lack of motivation, design your environment for success, and get back on track if you stumble, all while being inspired by stories from successful individuals who've mastered their habits.",
    "image": "https://images.unsplash.com/photo-1613520761471-8d5f28e343c0?ixlib=rb-4.0.3&ixid=M3wxMjA3fDB8MHxzZWFyY2h8Nnx8YXRvbWljJTIwaGFiaXRzJTIwYm9va3xlbnwwfHwwfHx8MA%3D%3D&auto=format&fit=crop&w=400&q=60",
    "amazon": 62,
    "jumia": 62,
    "kilimall": 62,
    "shopify": 62
  }
},
{
  "model": "api.product",
  "pk": 23,
  "fields": {
    "name": "Good News Translation Bible",
    "about": "Sacred religious text translated to easy English contemporary",
    "description": "Introducing the Good News Translation Bible, a modern and accessible version of the Bible that brings the timeless message of God's Word to life. This translation is easy to understand, making it perfect for readers of all ages and backgrounds. Immerse yourself in the inspiring stories, teachings, and wisdom found within the pages of the Good News Translation Bible and experience the power of God's Word in a fresh and meaningful way.",
    "image": "https://images.unsplash.com/photo-1569155378812-0a5c8a1e700d?ixlib=rb-4.0.3&ixid=M3wxMjA3fDB8MHxzZWFyY2h8NXx8R29vZCUyMG5ld3MlMjBCaWJsZXxlbnwwfHwwfHx8MA%3D%3D&auto=format&fit=crop&w=400&q=60",
    "amazon": 63,
    "jumia": 63,
    "kilimall": 63,
    "shopify": 63
  }
},
{
  "model": "api.product",
  "pk": 24,
  "fields": {
    "name": "Ceramic Dinner Plates",
    "about": "A flat round dishmade of ceramic material",
    "description": "Each piece of our unique hand-glazed and hand-painted tableware features its own special colors, making them one-of-a-kind. The shiny surface adds a touch of elegance and makes your food look even more delicious. Mix and match these beautiful pieces with your existing tableware to decorate your dining table and enhance the beauty of your home.",
    "image": "https://plus.unsplash.com/premium_photo-1672976833398-db9d54eec057?ixlib=rb-4.0.3&ixid=M3wxMjA3fDB8MHxzZWFyY2h8MXx8Y2VyYW1pY3xlbnwwfHwwfHx8MA%3D%3D&auto=format&fit=crop&w=400&q=60",
    "amazon": 64,
    "jumia": 64,
    "kilimall": 64,
    "shopify": 64
  }
},
{
  "model": "api.product",
  "pk": 25,
  "fields": {
    "name": "Women's Double-Breasted Trench Coat",
    "about": "Long, waterproof outwear piece with a distinctive double-breasted front",
    "description": "Step out in style with our timeless trenchcoat. This classic outerwear piece is designed to keep you both fashionable and protected from the elements. With its versatile design and high-quality materials, our trenchcoat is a must-have addition to your wardrobe.",
    "image": "https://images.unsplash.com/photo-1514813836041-518668f092b1?ixlib=rb-4.0.3&ixid=M3wxMjA3fDB8MHxzZWFyY2h8MTB8fGNvYXR8ZW58MHx8MHx8fDA%3D&auto=format&fit=crop&w=400&q=60",
    "amazon": 65,
    "jumia": 65,
    "kilimall": 65,
    "shopify": 65
  }
},
{
  "model": "api.product",
  "pk": 26,
  "fields": {
    "name": "Dumbells Set",
    "about": "Handheld weights that can be used for strength training exercises",
    "description": "Our circular design dumbbells are perfect for easy storage and prevent rolling, while also protecting your floor. The foam-covered connecting rod reduces neck compression and fatigue. With the quick conversion feature, you can easily switch between dumbbell and barbell exercises. The non-slip rubber-coated handle ensures a firm grip.",
    "image": "https://plus.unsplash.com/premium_photo-1670505062582-fdaa83c23c9e?ixlib=rb-4.0.3&ixid=M3wxMjA3fDB8MHxzZWFyY2h8MXx8ZHVtYmVsbHxlbnwwfHwwfHx8MA%3D%3D&auto=format&fit=crop&w=400&q=60",
    "amazon": 66,
    "jumia": 66,
    "kilimall": 66,
    "shopify": 66
  }
},
{
  "model": "api.product",
  "pk": 27,
  "fields": {
    "name": "Daily Lined Journal",
    "about": "A personal written record where you document your thoughts,experiences and emotions",
    "description": "This diary/journal is an essential tool for online store owners, providing a space to record daily activities, customer interactions, and business strategies. Use it to set goals, track progress, and reflect on your business growth. It's a valuable resource for improving your store's performance and success.",
    "image": "https://images.unsplash.com/photo-1551233378-136a5b5564a5?ixlib=rb-4.0.3&ixid=M3wxMjA3fDB8MHxzZWFyY2h8OHx8ZGlhcnl8ZW58MHx8MHx8fDA%3D&auto=format&fit=crop&w=400&q=60",
    "amazon": 67,
    "jumia": 67,
    "kilimall": 67,
    "shopify": 67
  }
},
{
  "model": "api.product",
  "pk": 28,
  "fields": {
    "name": "Insulated Waterbottle",
    "about": "A portable container designed to keep beverages at their desired temperature for extended periods",
    "description": "An insulated water bottle is a must-have accessory for staying hydrated on the go. With its double-wall construction, it keeps drinks cold for hours, making it perfect for outdoor activities, workouts, and everyday use. Durable, leak-proof, and stylish, this water bottle is the ideal companion for maintaining a healthy lifestyle.",
    "image": "https://images.unsplash.com/photo-1620911626687-a3d892281747?ixlib=rb-4.0.3&ixid=M3wxMjA3fDB8MHxzZWFyY2h8MTJ8fHdhdGVyYm90dGxlfGVufDB8fDB8fHww&auto=format&fit=crop&w=400&q=60",
    "amazon": 68,
    "jumia": 68,
    "kilimall": 68,
    "shopify": 68
  }
},
{
  "model": "api.product",
  "pk": 29,
  "fields": {
    "name": "WhiteFang Skateboard",
    "about": "Wheel away for transport and recreational activities",
    "description": "Experience the thrill of skateboarding with our top-notch skateboard. Its super smooth and speedy wheels will give you a sensation of flying, while the minimalist black and white design adds a touch of elegance. Suitable for both beginners and skilled riders, its double kick dis-symmetric concave and high-quality sandpaper provide excellent grip, making it easier to master new tricks.",
    "image": "https://images.unsplash.com/photo-1688318375271-b25e13f196ca?ixlib=rb-4.0.3&ixid=M3wxMjA3fDB8MHxzZWFyY2h8OXx8c2thdGVib2FyZHMlMjBzaG9wfGVufDB8fDB8fHww&auto=format&fit=crop&w=400&q=60",
    "amazon": 69,
    "jumia": 69,
    "kilimall": 69,
    "shopify": 69
  }
},
{
  "model": "api.product",
  "pk": 30,
  "fields": {
    "name": "Ultra Slim Wireless Keyboard",
    "about": "Input text and commands into a computer without the need for physical connection",
    "description": "This all-in-one keyboard and touchpad offers a clutter-free experience with its 10-meter wireless range. Enjoy seamless navigation with its quiet keys and large touchpad. Easy to set up with its plug-and-play receiver and offers up to 18 months of battery life.",
    "image": "https://images.unsplash.com/photo-1587829741301-dc798b83add3?ixlib=rb-4.0.3&ixid=M3wxMjA3fDB8MHxzZWFyY2h8M3x8a2V5Ym9hcmR8ZW58MHx8MHx8fDA%3D&auto=format&fit=crop&w=400&q=60",
    "amazon": 70,
    "jumia": 70,
    "kilimall": 70,
    "shopify": 70
  }
},
{
  "model": "api.product",
  "pk": 31,
  "fields": {
    "name": "Maybelline Mascara",
    "about": "Enhance the appearance of your lashes",
    "description": "Get sky-high lashes with Lash Sensational Sky High mascara. Its unique flex tower brush volumizes and lengthens each lash from root to tip. The lightweight formula with Bamboo Extract and fibers creates long, full lashes that won't weigh you down. Choose from Very Black or Blackest Black. Allergy tested. Ophthalmologist tested. Safe for sensitive eyes and contact lens wearers. Easy to remove.",
    "image": "https://images.unsplash.com/photo-1631214540553-ff044a3ff1d4?ixlib=rb-4.0.3&ixid=M3wxMjA3fDB8MHxzZWFyY2h8NXx8bWFzY2FyYXxlbnwwfHwwfHx8MA%3D%3D&auto=format&fit=crop&w=400&q=60",
    "amazon": 71,
    "jumia": 71,
    "kilimall": 71,
    "shopify": 71
  }
},
{
  "model": "api.product",
  "pk": 32,
  "fields": {
    "name": "Slimsonic Electric Toothbrush",
    "about": "Buzz and whir,provide a thorough and efficient cleaning",
    "description": "Experience deep clean with the SlimSonic electric toothbrush. Compact design, powerful sonic vibrations ensure thorough brushing. Perfect for on-the-go oral care. Easy replaceable heads, available in various colors.",
    "image": "https://plus.unsplash.com/premium_photo-1664544673336-62801425aab6?ixlib=rb-4.0.3&ixid=M3wxMjA3fDB8MHxzZWFyY2h8N3x8ZWxlY3RyaWMlMjB0b290aGJydXNofGVufDB8fDB8fHww&auto=format&fit=crop&w=400&q=60",
    "amazon": 72,
    "jumia": 72,
    "kilimall": 72,
    "shopify": 72
  }
},
{
  "model": "api.product",
  "pk": 33,
  "fields": {
    "name": "Faux succulents",
    "about": "Low maintenance plants for you",
    "description": "These artificial succulent plants stay fresh without soil or water. Perfect for busy people who love succulents but lack time for maintenance.",
    "image": "https://images.unsplash.com/photo-1560244691-c59cfcc671fc?ixlib=rb-4.0.3&ixid=M3wxMjA3fDB8MHxzZWFyY2h8OHx8c3VjY3VsZW50c3xlbnwwfHwwfHx8MA%3D%3D&auto=format&fit=crop&w=400&q=60",
    "amazon": 73,
    "jumia": 73,
    "kilimall": 73,
    "shopify": 73
  }
},
{
  "model": "api.product",
  "pk": 34,
  "fields": {
    "name": "Neutrogena Hydro Boost SPF",
    "about": "Shield skin from harmful UV rays",
    "description": "Protect and moisturize your skin with this broad-spectrum SPF 50 moisturizer. Instantly hydrates and delivers smooth, radiant skin in just one week. Enhance your hydration by combining with other Neutrogena Hydro Boost products.",
    "image": "https://images.unsplash.com/photo-1594332322527-08753d4473c1?ixlib=rb-4.0.3&ixid=M3wxMjA3fDB8MHxzZWFyY2h8MTJ8fHN1bnNjcmVlbnxlbnwwfHwwfHx8MA%3D%3D&auto=format&fit=crop&w=400&q=60",
    "amazon": 74,
    "jumia": 74,
    "kilimall": 74,
    "shopify": 74
  }
},
{
  "model": "api.product",
  "pk": 35,
  "fields": {
    "name": "Travel Coffee Mugs",
    "about": "Bring comfort to your hands and lips with this mug",
    "description": "Experience unmatched quality with our insulated, stainless steel tumbler. Its triple-insulation keeps drinks hot or cold for long durations. Bonus lids prevent spills, and the set includes a handle, straws, and more, for an all-in-one tumbler experience.",
    "image": "https://images.unsplash.com/photo-1606858977619-2c0abead279e?ixlib=rb-4.0.3&ixid=M3wxMjA3fDB8MHxzZWFyY2h8M3x8dHJhdmVsJTIwbXVnfGVufDB8fDB8fHww&auto=format&fit=crop&w=400&q=60",
    "amazon": 75,
    "jumia": 75,
    "kilimall": 75,
    "shopify": 75
  }
},
{
  "model": "api.product",
  "pk": 36,
  "fields": {
    "name": "Coconut Hair Oil",
    "about": "Transform your dry,frizzy hair",
    "description": "Revitalize dry or damaged hair with our Coconut Oil Formula Moisture Boost system. This natural formula locks in deep moisture from root to tip, improving hair's condition with each use. Nourish your hair and soothe your scalp with our infused oil, providing long-lasting hydration and promoting scalp health.",
    "image": "https://images.unsplash.com/photo-1526947425960-945c6e72858f?ixlib=rb-4.0.3&ixid=M3wxMjA3fDB8MHxzZWFyY2h8MTF8fGhhaXIlMjBvaWx8ZW58MHx8MHx8fDA%3D&auto=format&fit=crop&w=400&q=60",
    "amazon": 76,
    "jumia": 76,
    "kilimall": 76,
    "shopify": 76
  }
},
{
  "model": "api.product",
  "pk": 37,
  "fields": {
    "name": "Natracare Baby Wipes",
    "about": "Gentle and convenient",
    "description": "Nurture your baby's delicate skin with our soft and gentle Organic Baby Wipes. Our organic cotton cloth, infused with chamomile, apricot, and sweet almond oil, cleanses and refreshes, leaving skin clean and soft. Our gentle formula is detergent-free, ensuring a gentle and safe experience for your little one.",
    "image": "https://images.unsplash.com/photo-1613731587985-ea81ea4b3bdc?ixlib=rb-4.0.3&ixid=M3wxMjA3fDB8MHxzZWFyY2h8Mnx8YmFieSUyMHdpcGVzfGVufDB8fDB8fHww&auto=format&fit=crop&w=400&q=60",
    "amazon": 77,
    "jumia": 77,
    "kilimall": 77,
    "shopify": 77
  }
},
{
  "model": "api.product",
  "pk": 38,
  "fields": {
    "name": "Bathroom Caddy Shelf",
    "about": "Neatly hold all your essentials",
    "description": "The shower organizer has additional hooks for hanging fluffy items like loofahs, sponges, and bath balls. It comes with 4 adjustable hooks that can be placed anywhere on the shower shelf arm. The set also features a toothbrush holder for holding toothbrushes and toothpaste.",
    "image": "https://images.unsplash.com/photo-1618579252366-f431305ada51?ixlib=rb-4.0.3&ixid=M3wxMjA3fDB8MHxzZWFyY2h8MTF8fGJhdGhyb29tJTIwc2hlbGZ8ZW58MHx8MHx8fDA%3D&auto=format&fit=crop&w=400&q=60",
    "amazon": 78,
    "jumia": 78,
    "kilimall": 78,
    "shopify": 78
  }
},
{
  "model": "api.product",
  "pk": 39,
  "fields": {
    "name": "Fidget - Spinner",
    "about": "Spin rapidly-provide yourself a satisfying sense of motion and relief",
    "description": "Introducing our Fidget Spinner Box, containing multiple spinners for various uses - Hand Spinner and Finger Balancing Spinner. With practice, you can perform flicks to keep it spinning while you work or focus. Equipped with ultra-fast bearings, it rotates for more than 3 minutes based on your force.",
    "image": "https://images.unsplash.com/photo-1514435542839-ed9380d2e9f6?ixlib=rb-4.0.3&ixid=M3wxMjA3fDB8MHxzZWFyY2h8M3x8ZmlkZ2V0fGVufDB8fDB8fHww&auto=format&fit=crop&w=400&q=60",
    "amazon": 79,
    "jumia": 79,
    "kilimall": 79,
    "shopify": 79
  }
},
{
  "model": "api.product",
  "pk": 40,
  "fields": {
    "name": "Glass Vase",
    "about": "A delicate glass vase adorned the table with a single,vibrant rose",
    "description": "This glass vase is excellent and highly suitable for both home and office settings, as well as various events and occasions. It offers versatile functionality, serving as a beautiful decoration or a vessel for flower arrangements. Additionally, it can be utilized for cultivating hydroponic plants, adding a touch of greenery to any space.",
    "image": "https://images.unsplash.com/photo-1471086569966-db3eebc25a59?ixlib=rb-4.0.3&ixid=M3wxMjA3fDB8MHxzZWFyY2h8MTB8fGdsYXNzJTIwdmFzZXxlbnwwfHwwfHx8MA%3D%3D&auto=format&fit=crop&w=400&q=60",
    "amazon": 80,
    "jumia": 80,
    "kilimall": 80,
    "shopify": 80
  }
},
{
  "model": "api.product",
  "pk": 41,
  "fields": {
    "name": "CROCS",
    "about": "CROCS",
    "description": "CROCS",
    "image": "data:image/jpeg;base64,/9j/4AAQSkZJRgABAQAAAQABAAD/2wCEAAkGBxISEhUSExMWFhUVFxcWFxcYFxUVFxYYFhUWGBcWFRgYHSggGBolHRUVITEhJSkrLi4uGB8zODMsNygtLisBCgoKDg0OFRAQGC0dFx0tKy0tLS0tLS0tLS0tLSstLS0tLS0tLS0tLS0tLTctLSstLSstLS0tLS0tLSstLS0tLf/AABEIAKsBJwMBIgACEQEDEQH/xAAcAAABBAMBAAAAAAAAAAAAAAAAAgMEBQEGBwj/xABJEAABAwEFBAcFBgIHBgcAAAABAAIRAwQSITFBBQZRYQcTIjJxgZFCUqGx8BQjYnKCwaLRFTNTkrLh8RYkVLPC0iVEZHN0lKP/xAAYAQEBAQEBAAAAAAAAAAAAAAAAAQIDBP/EACARAQEBAAICAwADAAAAAAAAAAABEQISITEDQVETIjL/2gAMAwEAAhEDEQA/AO4oQhAIQsEoMVHhoLnEAASSTAAGZJ0C57vJ0s2WgSyg013D2puU/IwS7yEc1pPSTv0+03mU3Ftna4hoBjrbpgPcdQTiBwg55cwqVbxlxjkunWT2nt0y2dM9tJ7IosHJhPxc4pFl6Z7cD2uqcPxUyP8AC4Ll9Rw0SFfH4Y75sfpopOgV6Bb+Km4O/hdEepXQNh7zWS2D7is1xzLD2XjxY6DHPJeRGvU6x7RexwcHEEGQQSCDxBGIKdZTy9iIXIOjvpSL3Ms1tdN4hrK+RBOAbV8fe9eK6+udmKEIQoBCEIBCEIBCEIBCEIBCEIBCEIBCEIBCEIBCEIBCEIBCEIBCEIBa10ibxGwWGpWZHWuinSGf3j5gxrdAc6PwrZVxbp72kTWs9mGTGGq7hL3FrT4gMf8A3kFHuJvhbW2qzsfaar6dSs1j2vcagIe66e/JHenCF0bpb3s+yUPs1PGtaGuEzBp0+65+GpktGWp0XCtkWjq3sqD2KjX/AN1wP7KVvLt51utle0uJhz7tMH2aTZFNvLASeZJ1W+M2lRdvTDWjg35FVfUAZ4lbHtOkL4vQA2mx2MD2B/NUFtrsnDHwH81rn/pOPpBqHFJCCUKKcD+IB8U5cYeI+ITCyFUOUXkHOV0nc7pNtNnApl3WsGFyoTMD3KmJb4EEYZBcxnBSbMMEHrHdreaz25l6k6HAS+m7B7PEaj8QkK5Xk/ZW1qlB7XNe5paZa9ph7DkYPgTyORXVdh9LppgNttO+092vRAxwyewmA7wI5BZvH8HW0Kt2Ft6zWxnWWeq14wkA9ps6Pbm0+KslhQhC1Debf2hZg4U4qvGBMxTafxP9o/hbOWMKyW+htlaq1jS5zg1oxJJAAHEk5KrsG89jrVOqpWhj38ATj+U5O8lwTeLea1W9xL3lzQcB3abfyt48zJ5qq2fbHUagew9phDp90giD6wuv8Xhns9ToWj7hb9ttkUqxDa3snstbU5NEzezwAyyW8LlZjQQhCgEIQgEIQgEIQgEIQgEIQgEIQgEIQgF576a5/pN0/wBlTjkIP7yvQi4F04s/8Sb/APHpn+OqP2Vg0OzmDxBz8JnRN12kPywOI5kGfkSlNOnmVIDb7YyIMtOGmIjmu2YifZdmWi3VHCz0XVS0NHZHZGEAucYa3AakK3Z0O7UfiW0WcnVcf4GuW89Attomz16Qwrmr1r24d24xgLOLZafC9zXVFz5XyR5vrdDG1RkKDvy1T/1MCp7b0b7WpTesVQjiwsqz4BjifgvVCFntVeO7Tse00v6yz1mfnpVG/NqVYNkWmublGhVqEnJlNzvUgQB4r2EhXsPJ28e5NtsLGPtFEta+O0CHta45U3ubIa74HQnGKmkIXsO0UGVGlj2hzXCHNcA5pB0IOBC43v50Rlt6vs8EjN1nmSNSaJOY/AceByCso5O0p6haLkjvNdgWGIPkUxdIJBBBGBBkERnI0KSeAlbRY7N2o+y1RXoPILTOBDXt08HjHnOoXadzulKlXpH7TIqNGBY0kVeV0dx/EHs6yMhxSzbFHfruut90d4rYLLRc9sUwKNH3j3iOX1CdN9prbt6t/KtcmkwEA4CiwyXf+68Z/lGHElanabLEPtTpd7NFmnAGPkFkWptJpbQETN6oe053gMz8lALZJJMmWyZBPO+fZ8AtyYzabtloLwRAa0AkMbhEEDtn1wCi1B4QC4DOB7Qut73HE4YqQ8CANIqAYYZ+wzPzKYfU7WEk9k4GT3YN5/s+HhwW0PWK1upvDmuLXAgggw4ZEG8O75YrvnR/vV9uokP/AK2mBegG64HJ4J1MGR/NeeRRMCeWAwGHHicc1cbv7cq2Sq2rSdDh6EatcNQVjnw7LLj0yha/ulvXRtzJb2aoHbpk4jm0+03npqtgXmsx0CEIQCEIQCEIQCEIQCEIQCEIQCEIQC5P047vF4p25uNwCjUHBt5zmOnhecR4ubzXWFq2/wBtmw07NVoWqsGmqwtDB2qkkdlwaMoMEEwMFePsecQNAn6bcPopDR8YTgK9DJVDaFWx12WqiS1wIM8+DuLXCRHPmvR25u9NHaNAVaZh4gVKc403RlzB0P7ggeca1MPaWHI6xkZkH5KFsi11rNUhtZ9BxEE06j6ZLTjF5hGcAyufOLHrpC8m2renaFN111rtXI/arTBHHvpn/a22/wDFWn/7NoP/AFrHVXrhBK8iu3mtZztNc+Nesfm5Rq21Kr+89zvzOc75lXomvW1q2tZ6WNSvSZ+eoxvzKprZv/sylna6buVOap//ADBXmSz0XHg0eEKdSIbg0Fx4rc+Ofadm5dIlt2fbqor2VlRlQn717mhlOoI712b18QBMCddFrFkaG4Um3navOQSBTnF5n8IUgVDdw7LYzbBA/OQez81uSRNSabKbDeeesqcCRdHrgPNLrVnPIDuODDLR+n3vPDFMUx5AnSXsy0acW6YnknWOAbemG4kkG/T/AFT2vIKowW5zndM3uw7PI1B2QPwhN2l4He4tiR/gA7x5lO0WuqdmkIbEXjPV45llM681Z2TZbGG8Zc7Vzs/AcByCaKanYqj8TLG9rMzUM8SMvBSW2RrRDRH181dmkmatFNFFXpKG9kK7rUVAr01qIa2fb30Xtexxa5pkEGCDyXYNzukinWApWohj8hUyY78/uHnl4Li72oY8hZ5cJyWXHqppnEZFZXn/AHV33tNjcGh9+l7VJ8loHGmc2Hww5arsW7u9tmtgim+7U1puwdhq33h4eYC4cuFjcur5CELChCEIBCEIBCEIBCEIBCEING6T98nWGmylR/r6wMOz6tgwL4ObicBpgTpB86bet73VXBznOcTLnEkucTiSSc811Lpwpzb6Zvf+XZhqPvKvz/Zcxt1lD8TIOV4YzwkLrJ/Xwm+UTZlrI7ByOXIq3aVRus0aj4j5q3s1W80akYHI+C1xDxeq/aNrlsGDwkYhSa74Cqu+7kPmpypFjZ3h7RTq+TtWn+SRU2bB/dNKRRtRGB7TeB/bgsS4tMCyN1KfpBo7ox46pFroNHbaSWnT3TwKXSBmPDAd4g6jRdZZ9MU7+Y+SlUwZugQcOzkXA8NPXimKeAJHA4jHMxD5y8k+2BwuySBiaZgezqD48lpDtM8MYvHA3XjSD745Din6Yk4YkQJbDXiMcWHD6KiuqR2YLiABdJkjU3XjuhONpF3fMiZAw+LolyB+nUk9gXjJlwmmB+fR3+in2awAkOqG+4cgGjwAwPmmaGGAwhT6TkE2mFJY1Q6TlJa5RTpCae1O3k3UcoIVViotr2cujMgTKvqrvrNQ6jluIg9TSFJsEl0kEe7hIcD4iI58lCcxT6wCiuCsQw4xjopNitBzbOGOEyI1TJHFOUahYC1pIDsClHQN3ekmvRhlb75nMxUHg/2v1Y810PZG+litEBtYMefYqQx08BODvIleegU6McCJHNc78crU5PUKF5+2RvLarOGilWc1rcA3Atj8rpHnmtv2f0n1RhVpMfzaSw+mIPwXK8LGtdSQtKs/SXYz321WH8rXD+Ez8FNo9IOz3CeucOTqVUH0urPWq2hC1wb87P8A+I/gq/8Aaj/brZ/9v/BV/wC1Mo2NCp7HvRYqphlppknIF10nwDoJVwoBCEIOE9MzD/SQP/p6f+OqtFK6D00x/SDOP2dn/MqrQHhduPpKj1GJsCE85Id4Kivtrz3RrqkUmQIU57AVGfTjBc+Sxu2527PWG/Upt6sMmpUqNB7T2S1lEOBaLgc0udHeEZYKLvjsWnQeWMaBNPrmENDJaHXajCBAvNwdgAIOQIJdL2fvYKFKnDahD5LyHAgPAaHNYwjAyJzGBBHeKe3qtdlr0OuFUGrSoPaGi86evY6n2nRF68XEgycCVEaKx+BGhWaJwAjiQ3TgLkfvwTAMDyTlnpPuzHZOOGIw15LfxnJNDwIzkQB74jllE/JLpgn8M4GPax1+HomKaeY9dYwmUKYGQhSA1Q2VFIFRaRJpqZTKhU3qTTcoqawqQ2qobHJZeoJYqpLnyonVh72Ne8spmb5GBMAQ2dAcfRRa9lY20N+z3ro7+JLSOcoJ7yo1UKW9qj1GqivtIIBLRJ0CTZw3qnOc4F+jbrhP6gcPQqVUc0ZuaDwJAKaeOSqIThyPhwWFIcxILFQmxs6x9xuY1OA9UFwBInEGDn+6C3VYDVBioJGZHgn31nOa1pODcow9eKbhKssEm/gBlgXT6EQgX1pWRVKYpB2MxyicuaebTKmKy2obwMyPdwx81jUnHHScB4BLFOE296Bqq8rZNyt/69iqNp1C6rZyYLCZdT/FSJyj3cjyOK1W0OA7xj/OY8sFDfU4CPmlks8keqNj7UpWqi2vRdepvmDBGRLSCDiCCCELnPQPby6jaKBvEU3te2TIAqAgtaNMWE8O0heWzK6KvpwshFqoVYwfRLJxzpvJPwqBc2cV6H6R93vttjc1gmrS+8pcSWjFn6hI8Y4LzwVvjQhybKU4JBP18ltGCE2+nKclHgoI1K0PpzdOBiWkNc0xlLXAgnmsV7U+pAdAaDIa1rWNnjdaAJ55p9zJTZoLHWrqLVOnFTbNLRgY08s0hjC3DMfFONjT0WuMxKfNQHvNHiMD9eMoFMHJ3keeg4+iaWYXTWcOFrhmPPMfBONqplryMj9ck6KwPeaD4YHyWtTEinVUtlZV7Qw5Pg8HfIHX0TvVPGk5iQZyVRZsrJ4VQqYV4zTzbSoq2Y9PsqKpZaFIp10FgaibJTbKspxqgYsgNOm5nVseXTLyASZ4yE1ZLFcbE8TyEnIKxDEvq00VxoqPaqDiOzgcPTlwVx1CWyzJpiktVMua0Ma5rhm4vc6fEEwsizlXf2cI6tqaYphZSnWWAqwfWY0TIgZnx4nRRKu1WAwJJBiAJz14H1TTGfsoGaaqviY0zPDn4KBaNrO/C3Egz2jhxaMQqytXc4dq8YbqYAk4EDUILGtbGgxN4zENxz4aH1UGpbHHI3cjhnIOh0Oqjk5/IYDAQD9fusgJq4AEAILVkZLNq46f0Dj/AHi05f1TON7vuy0jj+lCn9Ajeza3RjepCeUPMT8fNC4cvbTrC4t0obmup1zaKDHFla894awltNzQC4uImA6XOyGRXaUxbbM2rTfTcJa9rmOEkSHAg4jLApLg8qVWEGCITS6tvR0d9XcFAOqNDSHOqPbfaWgEEQ0SDB8+WXM3UmO7jweRz8OK3ORiIQkkJ99EjT903H1/qtIRJQCl3frJJLfr90BCwWpTQfr9kqE0NYjmstP+icupLmKgWCEY+KyOSISSlMqEYgkeBynAgDisSPDx/msFv1+6umJAtjwIJBwjEZRoIzJ4lOC0gnFgzHdcNRgADnzKrnnTRYBPFXamLUVmahwwOk4g4gcU4K9P3+GhGfiqphOfyMeicDzxdEQcj2Ti0equpi4p1h77c4zGf1qpNK0DDttxkDEaZqgvnWZwB7I7w7o+vih9ojLOZ7rRDtfLllyTRstK2tw+8GIJGI0/dLZtJmHamQSMshpnmtVFucMjGMjAYH0y5ZJ2hbHEgAumZbGEHWPFTVbSzag9kEy0uGBExOGWBw+KwdqHMNiWkguIHaxwMkcPqFrzqs8YJwvPHZIzHIGeSSazfwC8ZPecWkZH4oLuttY49po7Me8Q/hgJ046qFabcSCTfIgNOAaA4RiCZOmnFQPtROZOJ7Qa0ATpB8/go9ck5zImSXSSc8kD1p2hJJgSYBJJcSB4/yUZ1tJOJJEyR3QfQRrwTVwJLwnkPXo4DDTGZzB5rM/zE8OEJFLLhHx8UvDRTRkJbEloJyToZGZ/cqauMLBwSr3D/ADQMwACSSAABJJOAAAzJ4JaOy9Azz9ktIOlonnjRpCPh8VlbN0c7vmxWJlNzYq1Pvao4PcB2f0tDW/pQuN9tNnQhCgarUQ7Na3tbcyzVjedSZegi9dAd2gQcR4n1W0oQckt/RUwNApVHtMySTfkaiMAPHktQ2nuDb6bjdY2o2YBDgDHFwMZcpXokhNvoNOiDy/tjY9ezR1tMiRMtktEmILgIBy9Qo1nsNSo0uZTc4cQ0len62y2O0VfX3eYcle1Hm9thqnKm/wDuu/kn2bKq/wBk8/pK7vaN2eCq7Tu+4aK9hx/+jav9i70KQ6wvGdN48iV1CvskjRQa2zyFOw5rUoEJh1NdErWTiJ8RKo9pbEntUxB93Q+HBanIaqSdRKw3kfJSX04MEQRomn0QVvUMvaeCSAnbrhkUkv4t9FZUxgCVi6eHzWSW8YWQ06O+MpphB+vFBOP0cU5dcklpTTCYSXJyOSSW8ldTCr06NF7kTELPWE65nGAMIyhJgoulTVxm8TiSTOeOZ4pOHnj5o7OpWL7eBKaYEsUydFgVTo0BZhxzKaYWKQGZSg5ugnxWGUE/Ts6mqavk8vBLp0CU/ZmhzwxgL3ExDRMHmch5rb9hbk1Krv8AeXimz3aZDnu5XiIZpkDr4rN5LjWdl7IqWioKNFhqVCCQwQMBmSSQAOZIC7NuJ0cssbxaKzhUrgdkQLlKQJuziXjEXsMCcNVsG7GzrNZaXVWemGNJvHFznOdAF5znElxgDM6K8BWLytGUIQoBCEIBCEIBCEIBCEIMQkupA6JaEEOrs9jtFX2nYLDorxCDSrZuydFR2zYDxouoEJt9BpzCDiW093G1MXNIPvDA+fFattLd6rSEtl4mIaCSBoSF6Kr7Jpu0CrLTuww5K7R5xLSBeIwktkiO0BJHjikru1v3La8QWtcJmCAcePiqDaG4DSS65BLS2W4RIiQMp5q9hyYsCbdQC3617glrYYXXuLoI9AB9BUdu3TtLHG6y80CQZEnLCOMk+QV7GNb6jgSjq3e8fVWVp2VXptvOpPHau5SciZw0wzUapRe0ta5jgXd0FrgTJgQCMcVe0MRbjuKx1buJTj3gGDgRhBkGRmsAzMYwJMSYHE8Amww31R4oFAJd7CcYymDHrkpX2GrcFQU3lpIAN04yJBHERrknaJiIKQTraQVhT2DazdiiQHRiS0QMMTjhnkcVajc2sbv3jW+9AJ19mc8OKnaLjXgwJZwEwTjdwE45xhqtts25NIYvc+p4m6J49lbFQsAaAGiAMgFOw0Gx7GtFTEMuDi8xw9kYhbHsvd5tPtPJqO5gXQfwt/cyVstOxqXRsPJTRW2KxtZg1ob4AD5K6sjCE/Q2eeCs7Ls08FA7YCVsFDJRLJYrqntEIMhZQhAIQhAIQhAIQhAIQhAIQhAIQhAIQhAIQhBiFg0xwSkIGH2Rp0UepsqmfZCnoQUtXd+mdFCq7q0yZgSMsMvDgtnWEGlv3HoY/dM7RJd2W4k5k4YrDdz2NF1rWhvAAAei3VCDR27pNaLoY0NmYDQBPGOKcG7ZW6QsQg04buFLbu4tuhZhBqrd3U8zd8LZIQgpKew2hSqWy2jRWKygjssrRonWsAS0IMQsoQgEIQg//9k=",
    "amazon": 82,
    "jumia": 82,
    "kilimall": 82,
    "shopify": 82
  }
},
{
  "model": "api.product",
  "pk": 42,
  "fields": {
    "name": "SANDALS-MEN",
    "about": "BEST SANDALS OF ALL TIME",
    "description": "BEST SANDALS OF ALL TIME",
    "image": "data:image/jpeg;base64,/9j/4AAQSkZJRgABAQAAAQABAAD/2wCEAAkGBxEQEg8QExEWEBAPEBYQEBYQEBISFg4VFRIWFhYSFRYYHCggGBolHhUVITEhJSkrLi4uFx8zODMtNygtLisBCgoKDg0OGhAQGzAlHyUtLS0rLS4rLS04LS0tLSstKystLS0tKy0tLi0tLS0tLy0tLSstLS0tLS8tLS0tLy0tMP/AABEIAOEA4QMBIgACEQEDEQH/xAAbAAEAAQUBAAAAAAAAAAAAAAAABQEDBAYHAv/EAEMQAAIBAgIGBgUJBwMFAAAAAAABAgMRBCEFBhIxQVETYXGBkaEUIjKxwQcjQlJicpPR8BYzU5LC0uFDorIXNERjlP/EABkBAQADAQEAAAAAAAAAAAAAAAABAwQCBf/EACURAQACAgEEAgIDAQAAAAAAAAABAgMRBBIhMUETURQyQmGBIv/aAAwDAQACEQMRAD8A7iAAAAAAAAAAAAAAAAAAAAAAAAAAAAAAAAAAAAAAAAAAAAAAAAAAAAAAAAAAAAAAAAAAAAAAAAAAAAAAAAAAAAAAAAAAAAAAAAAAAAAAAAAAAAAAAAAAAAAAAAAAAAAAAAAAAAAAAACO0rpuhhbdJO0pborOTXO3IycDjadaKnTkpxfFcOprgyNxvSemdb0yAASgAAAFEioAAAAAAAAAAAAAAAAGHpfHLD0atZq6pxva9tp3slfrbRqeD+UKLdqlBxXOnNS8ml7zM+UbE7OGVO9nVqJd0c357JzSEZLhfsMufLattQ38bj0vSZtDsmjtPYavbYqLaf0ZerLss9/cSZxXDu5N6O1jxGHslPbgvo1PWXc968SacjflGTh6/WXTwazo7XOhOyqJ0pc/aj4rPyNhw+JhUW1CcZx5xkn7i+tot4ZLY7V8wugpcjdK6UhShV9fZlTjFtRSlKO27Rey2la6ebslZ33MWtFY3LmImZ1CM1x1yo6PSpqLxGMqpujh6b9af2pv6EFZtyfJ8mQ+A1/liaNqdOMMb0KrSpOansRvKMp0mvVrbNs0neLdmsmahVxKnKcks5ycpym9qpUbtnOfcslkrd7xJ4H5yFWE3TlGfSKUHsyhNLKcJWezN2UXdNSjk07K2Sc8z/TfHE6Y3Pn6ZOLqzqyc5yc5Sd25O7Zk6F0zUws1KLy+kuElyaLjxdHHurKgmq8E6k6TjGLxFO/rVqMYt7pXjKHtRaz3kTh6NTEVYUKMekq1NyvZRimr1Jv6MFdXfYldtFMdUT28tW6WrO/9do0JpaniqanDevaX1WSBGavaGhg6MaUXtS31JtWdSXF24LkuHmSZ6Vd67vHtrc9PgABLkAAAAAAAAAAAAAAAAAAGqa9aAr4tUpUXFultXjOThfatnF2avksnbtOc43D1sM7V6U6Odrzj6j7KivF+J3E8zimmnmnvvxKcmCLztpw8q2ONeYcSpV1z38eD/Vi/0iZ0vG6qYKrduhGDe90vm79qjZS70zWdLagTjeWGq7XHYq2T47prJ96RRbDavju105VLT37NWcj3RxU4PahJwkuMZOL8UYuIhUozdOrB05repKz7etBz4mfcw1aiYbBR12xVG15RqrdapG78Y2fvMXT+sM8S41FRhTkqcoNvaqRq3ydOqretSlZRaV2spJtxScTRp3+dluW7jy3e79O+T0sWsvB8CzrtMamVc4ab3EMCFRLaajKEHKWxGpLalGF3s7T4u1v8737hVSvl7Wbss5Zb3zyRR1qanHpYuVO7UrbWTs9lvZz2b2vbO17Zl96uVMS06FanQoNXxEq01KeCTWUVayrQlm41FZSSs7ZsqjvOoWXvWv7IqWM6CqsRTk4yg9t9G7Oc7LZULZylJqMWt0o77bKlHsmp2jYwpekyw6w2KxijVxMdpzcZbK9VN7o3u9nnJ8SN1P1Rw9JUq208S4JdDUqK+S3SgnuXG/G/juZtwY9RuXlcjN127AANLMAAAAAAAAAAAAAAAAAAAAAABRsDyyhUAROsmg6eNpOEklUim6U7Z05flzXxOPV6coOdOa2ZwbhNfVadmd3Ry35R8IqeMUlkq9JTf3ovZfkl4mXk0jXU3cLJO+iUNSrJwUf11J9eRaqerndRjvyt/Lbr7TDacXeL7nmnwMetUrSsk1D7Sbb47uCMu3osLTuNk26NP237cl9BfVT4S6+F+e7I1SwVWfR4JTkoV8RGnsqTShB2lPZXBZSfaecPgVDrb3t53Nr+TfCqWOov+HSq1Ox22P6+RER1TFf7cX/5ibfUOwUaUYRjCKUYxSjFLdFJWSXceyiKnqvDAAAAAAhNbNMei0W4v52p6tPjbnK3V72iabOVa26UeJry2c4Q9WHYuPeVZr9NWjj4vkv38LGF1jxVOW0q0nd5qT2k+5m06K16i7Rrwt9qnu74v4M0PomUcbGSua1XoX49LenacHjqVZbVOamup5rtW9GQcVwWkalGSlCTTXJnU9V9KvFUekazUth9bST+Jrx5Yu8/Nx5x9/SXABazgAAAAAAAIbWrHTpUX0d+km1GOyryiuMlbstfrNEUsS826vjM23WCd61vqwS8bv4mEkU5MXXO9teHL8dfCEh6TwdbunUXxLsamM+vX/EqfmTCh1lXTfM5jjx9ytnkb/jCJWNxy3TrLt9b3pmvax1sVVlB1ekqbF1FulayazzjFclvN02eso2+ZE8ff8pI5ERO+mHL54lRyl6r+1l7ysaye5nTnd78115mJX0Xh5+3h6Uut0438UrnE8X6lbHL+4c7lO9zZ9QcfRoYh1pu0FQlRuouVpucJO9l9kkKureDd7UpQv8AUqz90m15HnCaBpUo7EKkt7l84ot+s22rxS58jj4L1mLR306nPjvWazuNuhYTStCrbYrQk3w2kpfyvMzjl1XRk1wU/uu/k8yuH0jXoO0ak4W+i22v5ZZeRb+RNf3qzTw4t+ltuoA0jB641Y5VIRmua9R/FeRN4XWrDT3t039qN14xuW1zUt7UX42SvmE4DGoY+lU9ipCXZNN+BY03pWGFpSrT4ZRV7OcuEV+t1yzca2qiszOvaJ100z0UOgg/naq9a3+nDi31vNeJztlcZpGdaU6k3eVR7T/XLh2ItJmHJfqnb1sOL466Xkyk0eblJM4WrFeyz4HWNTcG6OEoRatKcell2ze0k+tJpdxzLRGj/ScRQob1Oe1U6qcfWn4pW7WjsyyNHHr3mWLm37RX/XoAGp54AAAAAFuvVUIuT3IuEfp39zU6rf8AJBMNfxUnVnKbycn4JKyPCpvn5GNB/pF5VHzC5eUJdXj/AIK2lyXiW1WY6dgVkpfVfkeM+T8Ge/SXyQ9K6vMDw5Ls7cim0uZd9KXLzKPERe9eSCXhI8ummXNuny8vyK+p+nIgWOh5MODtZpSXJq68y/sx+t5r8j0qf2vL/I0bRlXAUpfRcH9l/B3MWein9Gaf3k4+65OOi+afijw6D5X7GVWwUn0trnvX21rF4SvBXVNz+7aXks/I1rSOJqvKUJwiuEoSil3M6O6Uvqv3+4JyXCXgyv8AFr6ldHLt7hzGjiuu/eZlPEnQKlNS9qmp/ep7XvRiz0Zh3vwsO6io+5EfjT9uvyo9w070hcz0q8Xlc2Stq9g5f6c6b5wqVV5SbXkR89V8MvZxVVdVRU5W7LKJz8FodRyKSas6XeFqVKsaaqOS6OLk2tmKd3a3NpeCNojrtPjQj+I18CEoaGoxSSnUlbK/q/2lyWiKfOp4J/0k1rmr2hXecF53ZP0tdo/SpW7Kl/6SU0VrLRxE1TV4ze5Pc7K9kzSJaGj9af8AKvyLmCwHRVIVIue1CSlHJLNc8txZWc2+6m9MGp6XTQY+BxCqQjK+dltdUrZoyDQxAAAGJpaN6NX7jfhmZZ5qwUk4vdJNPvQGjQLiRXSFB0JNSts8Hz/IsrEIL/K8kLFr0hFVXQNPTR5aKOsi3UrKz7CEvZQj9FaQU1KEpJ1acmpLi1d7Mrdlu9MzulQ2l6RU8dIuY6RcxsXEz1ctqa5lVIIXNoKo+b8TxcpcC700ufuK+kS5+SI3S+OWHo1azV+jg5Wvbast1+Bc0djI16VKtH2a1ONSN+UoppPrzAzunlz9w6d8yzcXJQv9M+ZR1mWbmBprSPo9J1LbT24Qit13Oaj5Xb7gJN1nzPLrPmW0zy2EvTrPmW5VHzfieZSLXTxb2U05PKyauENt1T/dTf8A7Gv9q/MnCN0DhnTpRi97bk+18PcSQUz5AAEAAAtV8PCatOEZL7UU/eRlXVjByz9HinzheH/FomABBLVLCLdGa3bq9bhu+kXVq3h1wn+LP8yYATuULPVjDv8Aid1aa+Ji1NSsLLe63diaq9zNkANy1CXycaOctvo5ufCTr1XJdkr3D+T3Bc6//wBVXj3m3gI21BfJ9hOE8QuP/dVPix/0+w38XErhlipo28DSdy1JaiUVuxGJXbWUvfE9R1Kit2Kr97pP+g2sEaOqWsfsjbdianfCm/gFqpNf+S++kvHKRs4Gk9UtN0vqN6VSnRniWoT37FOztyvtFNGakTw1KFCniE4U04w26TbSvdK6kskbmBo6panLViv/AB4fhy/uKfsxiP48Pw5/3G2gaOuWqLVatxxEPwpP+sxtIagrEdH0uJlalPpIxhBRTkrpOV272u/E3QDR1S16GqyW+tJ9kYL4Hp6q0nvq1X2ShH3RJ8Eo6pa7+xeDftRqVPv16jXgnYkMBoLC0P3dCnDrUFfxeZJAIAAAAAAAAAAAAAAAAAAAAAAAAAAAAAAAAAAAAAAAAAAAAAAAAAAAAAAAAAAAAAAAAAAAAAAAAAAAAAAAAAAAAAAAAAAAAAAAAAAAAAAAAAAAAAAAAAAAAAAAAAAAAAAAAAAAAAAAAAAAAAAAAAAAAAAAAAAAAAAAAAAAAAH/2Q==",
    "amazon": 81,
    "jumia": 81,
    "kilimall": 81,
    "shopify": 81
  }
},
{
  "model": "api.userproduct",
  "pk": 1,
  "fields": {
    "user": 2,
    "product": 1,
    "date_added": "2026-02-03T09:57:28.143Z"
  }
},
{
  "model": "api.userproduct",
  "pk": 5,
  "fields": {
    "user": 3,
    "product": 2,
    "date_added": "2026-02-03T10:29:05.337Z"
  }
},
{
  "model": "api.userproduct",
  "pk": 13,
  "fields": {
    "user": 5,
    "product": 39,
    "date_added": "2026-02-04T09:20:33.158Z"
  }
},
{
  "model": "api.userproduct",
  "pk": 17,
  "fields": {
    "user": 5,
    "product": 3,
    "date_added": "2026-02-04T09:32:29.301Z"
  }
},
{
  "model": "api.userproduct",
  "pk": 37,
  "fields": {
    "user": 5,
    "product": 42,
    "date_added": "2026-02-04T10:03:09.905Z"
  }
},
{
  "model": "api.userproduct",
  "pk": 43,
  "fields": {
    "user": 5,
    "product": 41,
    "date_added": "2026-02-04T10:20:14.155Z"
  }
},
{
  "model": "api.userproduct",
  "pk": 45,
  "fields": {
    "user": 5,
    "product": 1,
    "date_added": "2026-02-04T11:21:59.985Z"
  }
},
{
  "model": "api.userproduct",
  "pk": 49,
  "fields": {
    "user": 5,
    "product": 2,
    "date_added": "2026-02-04T11:43:43.297Z"
  }
},
{
  "model": "api.userproduct",
  "pk": 53,
  "fields": {
    "user": 7,
    "product": 3,
    "date_added": "2026-02-04T12:38:01.219Z"
  }
},
{
  "model": "api.userproduct",
  "pk": 55,
  "fields": {
    "user": 9,
    "product": 5,
    "date_added": "2026-02-05T09:53:15.042Z"
  }
},
{
  "model": "api.userproduct",
  "pk": 57,
  "fields": {
    "user": 9,
    "product": 2,
    "date_added": "2026-02-05T09:53:25.161Z"
  }
},
{
  "model": "api.userproduct",
  "pk": 61,
  "fields": {
    "user": 10,
    "product": 3,
    "date_added": "2026-02-05T09:56:36.333Z"
  }
}
]
